order_item_id,order_id,product_id,quantity,list_price_inr,gross_list_value_inr,discount_amount_inr,item_revenue_inr,unit_cogs_inr,cogs_inr,packaging_cost_inr
OI-00001,ORD-00001,P015,1,1399,1399,174.88,1224.12,705.1,705.1,24
OI-00002,ORD-00001,P056,1,449,449,35.92,413.08,250.99,250.99,16
OI-00003,ORD-00002,P022,1,699,699,76.89,622.11,343.91,343.91,24
OI-00004,ORD-00002,P008,1,3499,3499,314.91,3184.09,2708.23,2708.23,42
OI-00005,ORD-00003,P021,2,999,1998,159.84,1838.16,479.52,959.04,48
OI-00006,ORD-00003,P037,2,349,698,38.39,659.61,150.07,300.14,38
OI-00007,ORD-00004,P013,1,999,999,84.92,914.08,479.52,479.52,24
OI-00008,ORD-00004,P058,1,649,649,19.47,629.53,345.92,345.92,16
OI-00009,ORD-00005,P043,1,1199,1199,77.94,1121.06,541.35,541.35,19
OI-00010,ORD-00005,P007,1,2199,2199,197.91,2001.09,1662.44,1662.44,42
OI-00011,ORD-00006,P058,1,649,649,22.72,626.28,345.92,345.92,16
OI-00012,ORD-00006,P035,2,1299,2598,207.84,2390.16,804.73,1609.46,62
OI-00013,ORD-00006,P054,1,299,299,4.49,294.51,159.37,159.37,16
OI-00014,ORD-00007,P047,1,349,349,17.45,331.55,157.57,157.57,19
OI-00015,ORD-00007,P003,1,4999,4999,524.9,4474.1,4209.16,4209.16,42
OI-00016,ORD-00008,P027,2,849,1698,135.84,1562.16,525.96,1051.92,62
OI-00017,ORD-00008,P049,1,649,649,9.74,639.26,337.48,337.48,16
OI-00018,ORD-00009,P044,2,1199,2398,155.87,2242.13,554.24,1108.48,38
OI-00019,ORD-00009,P046,1,599,599,32.95,566.05,264.01,264.01,19
OI-00020,ORD-00010,P038,1,599,599,35.94,563.06,264.01,264.01,19
OI-00021,ORD-00010,P020,2,1899,3798,474.75,3323.25,979.88,1959.76,48
OI-00022,ORD-00011,P014,1,1899,1899,113.94,1785.06,934.31,934.31,24
OI-00023,ORD-00011,P029,2,849,1698,84.9,1613.1,500.91,1001.82,62
OI-00024,ORD-00012,P018,1,1899,1899,132.93,1766.07,934.31,934.31,24
OI-00025,ORD-00012,P007,1,2199,2199,153.93,2045.07,1662.44,1662.44,42
OI-00026,ORD-00012,P023,1,999,999,59.94,939.06,503.5,503.5,24
OI-00027,ORD-00013,P018,1,1899,1899,161.42,1737.58,934.31,934.31,24
OI-00028,ORD-00013,P057,1,649,649,19.47,629.53,337.48,337.48,16
OI-00029,ORD-00014,P024,1,999,999,69.93,929.07,515.48,515.48,24
OI-00030,ORD-00014,P031,1,2299,2299,160.93,2138.07,1424.23,1424.23,31
OI-00031,ORD-00015,P057,1,649,649,6.49,642.51,337.48,337.48,16
OI-00032,ORD-00015,P035,1,1299,1299,103.92,1195.08,804.73,804.73,31
OI-00033,ORD-00016,P045,2,599,1198,71.88,1126.12,257.57,515.14,38
OI-00034,ORD-00016,P060,1,649,649,45.43,603.57,362.79,362.79,16
OI-00035,ORD-00017,P056,1,449,449,15.72,433.28,250.99,250.99,16
OI-00036,ORD-00017,P038,1,599,599,26.95,572.05,264.01,264.01,19
OI-00037,ORD-00018,P023,1,999,999,89.91,909.09,503.5,503.5,24
OI-00038,ORD-00018,P030,1,849,849,76.41,772.59,513.43,513.43,31
OI-00039,ORD-00018,P032,1,549,549,54.9,494.1,348.2,348.2,31
OI-00040,ORD-00019,P033,1,2299,2299,264.38,2034.62,1356.41,1356.41,31
OI-00041,ORD-00019,P040,1,1199,1199,59.95,1139.05,554.24,554.24,19
OI-00042,ORD-00020,P058,2,649,1298,71.39,1226.61,345.92,691.84,32
OI-00043,ORD-00020,P047,1,349,349,15.71,333.29,157.57,157.57,19
OI-00044,ORD-00021,P058,1,649,649,22.72,626.28,345.92,345.92,16
OI-00045,ORD-00021,P035,2,1299,2598,233.82,2364.18,804.73,1609.46,62
OI-00046,ORD-00022,P022,1,699,699,94.37,604.63,343.91,343.91,24
OI-00047,ORD-00022,P033,1,2299,2299,287.38,2011.62,1356.41,1356.41,31
OI-00048,ORD-00023,P030,1,849,849,84.9,764.1,513.43,513.43,31
OI-00049,ORD-00023,P024,1,999,999,59.94,939.06,515.48,515.48,24
OI-00050,ORD-00024,P001,1,3499,3499,384.89,3114.11,2904.17,2904.17,42
OI-00051,ORD-00024,P051,1,449,449,6.74,442.26,245.15,245.15,16
OI-00052,ORD-00024,P011,1,1299,1299,103.92,1195.08,982.04,982.04,42
OI-00053,ORD-00025,P005,1,1299,1299,136.4,1162.6,1109.35,1109.35,42
OI-00054,ORD-00025,P009,1,3499,3499,472.37,3026.63,2519.28,2519.28,42
OI-00055,ORD-00026,P046,1,599,599,32.95,566.05,264.01,264.01,19
OI-00056,ORD-00026,P015,1,1399,1399,153.89,1245.11,705.1,705.1,24
OI-00057,ORD-00027,P018,1,1899,1899,208.89,1690.11,934.31,934.31,24
OI-00058,ORD-00027,P052,1,199,199,2.99,196.01,111.24,111.24,16
OI-00059,ORD-00028,P041,1,899,899,53.94,845.06,386.57,386.57,19
OI-00060,ORD-00028,P008,1,3499,3499,297.42,3201.58,2708.23,2708.23,42
OI-00061,ORD-00029,P010,1,2199,2199,197.91,2001.09,1622.86,1622.86,42
OI-00062,ORD-00029,P049,2,649,1298,58.41,1239.59,337.48,674.96,32
OI-00063,ORD-00030,P053,1,299,299,4.49,294.51,155.48,155.48,16
OI-00064,ORD-00030,P020,1,1899,1899,189.9,1709.1,979.88,979.88,24
OI-00065,ORD-00030,P005,1,1299,1299,129.9,1169.1,1109.35,1109.35,42
OI-00066,ORD-00031,P016,2,1399,2798,265.81,2532.19,721.88,1443.76,48
OI-00067,ORD-00031,P036,1,1299,1299,136.39,1162.61,823.89,823.89,31
OI-00068,ORD-00032,P020,1,1899,1899,151.92,1747.08,979.88,979.88,24
OI-00069,ORD-00032,P054,1,299,299,2.99,296.01,159.37,159.37,16
OI-00070,ORD-00033,P026,1,549,549,54.9,494.1,332.01,332.01,31
OI-00071,ORD-00033,P039,1,1199,1199,41.96,1157.04,541.35,541.35,19
OI-00072,ORD-00034,P015,1,1399,1399,188.87,1210.13,705.1,705.1,24
OI-00073,ORD-00034,P028,1,1299,1299,149.39,1149.61,823.89,823.89,31
OI-00074,ORD-00035,P037,1,349,349,22.69,326.31,150.07,150.07,19
OI-00075,ORD-00035,P018,1,1899,1899,132.93,1766.07,934.31,934.31,24
OI-00076,ORD-00036,P044,1,1199,1199,89.92,1109.08,554.24,554.24,19
OI-00077,ORD-00036,P052,1,199,199,4.98,194.02,111.24,111.24,16
OI-00078,ORD-00036,P014,1,1899,1899,170.91,1728.09,934.31,934.31,24
OI-00079,ORD-00037,P013,1,999,999,124.88,874.12,479.52,479.52,24
OI-00080,ORD-00037,P050,1,649,649,51.92,597.08,345.92,345.92,16
OI-00081,ORD-00038,P055,2,449,898,49.39,848.61,245.15,490.3,32
OI-00082,ORD-00038,P038,1,599,599,44.92,554.08,264.01,264.01,19
OI-00083,ORD-00039,P041,1,899,899,40.45,858.55,386.57,386.57,19
OI-00084,ORD-00039,P026,1,549,549,38.43,510.57,332.01,332.01,31
OI-00085,ORD-00040,P015,2,1399,2798,349.75,2448.25,705.1,1410.2,48
OI-00086,ORD-00040,P009,1,3499,3499,297.42,3201.58,2519.28,2519.28,42
OI-00087,ORD-00041,P004,2,4999,9998,1099.78,8898.22,4239.15,8478.3,84
OI-00088,ORD-00041,P037,1,349,349,8.72,340.28,150.07,150.07,19
OI-00089,ORD-00042,P020,1,1899,1899,218.39,1680.61,979.88,979.88,24
OI-00090,ORD-00042,P028,1,1299,1299,110.42,1188.58,823.89,823.89,31
OI-00091,ORD-00042,P020,2,1899,3798,322.83,3475.17,979.88,1959.76,48
OI-00092,ORD-00043,P027,1,849,849,76.41,772.59,525.96,525.96,31
OI-00093,ORD-00043,P031,2,2299,4598,321.86,4276.14,1424.23,2848.46,62
OI-00094,ORD-00044,P026,1,549,549,49.41,499.59,332.01,332.01,31
OI-00095,ORD-00044,P016,2,1399,2798,195.86,2602.14,721.88,1443.76,48
OI-00096,ORD-00045,P006,1,3499,3499,402.38,3096.62,2582.26,2582.26,42
OI-00097,ORD-00045,P007,1,2199,2199,296.87,1902.13,1662.44,1662.44,42
OI-00098,ORD-00046,P030,1,849,849,42.45,806.55,513.43,513.43,31
OI-00099,ORD-00046,P015,2,1399,2798,223.84,2574.16,705.1,1410.2,48
OI-00100,ORD-00047,P008,1,3499,3499,314.91,3184.09,2708.23,2708.23,42
OI-00101,ORD-00047,P029,1,849,849,50.94,798.06,500.91,500.91,31
OI-00102,ORD-00048,P025,1,2299,2299,241.39,2057.61,1356.41,1356.41,31
OI-00103,ORD-00048,P035,2,1299,2598,246.81,2351.19,804.73,1609.46,62
OI-00104,ORD-00048,P003,1,4999,4999,524.9,4474.1,4209.16,4209.16,42
OI-00105,ORD-00049,P045,1,599,599,32.95,566.05,257.57,257.57,19
OI-00106,ORD-00049,P003,1,4999,4999,499.9,4499.1,4209.16,4209.16,42
OI-00107,ORD-00050,P032,1,549,549,32.94,516.06,348.2,348.2,31
OI-00108,ORD-00050,P044,1,1199,1199,29.97,1169.03,554.24,554.24,19
OI-00109,ORD-00051,P019,1,1399,1399,160.89,1238.11,705.1,705.1,24
OI-00110,ORD-00051,P059,1,449,449,26.94,422.06,245.15,245.15,16
OI-00111,ORD-00052,P019,1,1399,1399,153.89,1245.11,705.1,705.1,24
OI-00112,ORD-00052,P054,2,299,598,20.93,577.07,159.37,318.74,32
OI-00113,ORD-00053,P007,1,2199,2199,131.94,2067.06,1662.44,1662.44,42
OI-00114,ORD-00053,P007,1,2199,2199,219.9,1979.1,1662.44,1662.44,42
OI-00115,ORD-00054,P044,2,1199,2398,143.88,2254.12,554.24,1108.48,38
OI-00116,ORD-00054,P003,2,4999,9998,1049.79,8948.21,4209.16,8418.32,84
OI-00117,ORD-00054,P044,1,1199,1199,119.9,1079.1,554.24,554.24,19
OI-00118,ORD-00055,P045,2,599,1198,53.91,1144.09,257.57,515.14,38
OI-00119,ORD-00055,P056,1,449,449,20.2,428.8,250.99,250.99,16
OI-00120,ORD-00056,P007,1,2199,2199,131.94,2067.06,1662.44,1662.44,42
OI-00121,ORD-00056,P021,1,999,999,69.93,929.07,479.52,479.52,24
OI-00122,ORD-00057,P028,1,1299,1299,97.42,1201.58,823.89,823.89,31
OI-00123,ORD-00057,P054,1,299,299,17.94,281.06,159.37,159.37,16
OI-00124,ORD-00058,P048,1,1199,1199,77.94,1121.06,554.24,554.24,19
OI-00125,ORD-00058,P054,1,299,299,2.99,296.01,159.37,159.37,16
OI-00126,ORD-00059,P011,1,1299,1299,116.91,1182.09,982.04,982.04,42
OI-00127,ORD-00059,P033,2,2299,4598,321.86,4276.14,1356.41,2712.82,62
OI-00128,ORD-00060,P002,2,2199,4398,505.77,3892.23,1838.36,3676.72,84
OI-00129,ORD-00060,P044,1,1199,1199,83.93,1115.07,554.24,554.24,19
OI-00130,ORD-00060,P025,2,2299,4598,344.85,4253.15,1356.41,2712.82,62
OI-00131,ORD-00061,P048,1,1199,1199,29.97,1169.03,554.24,554.24,19
OI-00132,ORD-00061,P046,1,599,599,44.92,554.08,264.01,264.01,19
OI-00133,ORD-00062,P055,1,449,449,4.49,444.51,245.15,245.15,16
OI-00134,ORD-00062,P021,1,999,999,89.91,909.09,479.52,479.52,24
OI-00135,ORD-00063,P030,2,849,1698,178.29,1519.71,513.43,1026.86,62
OI-00136,ORD-00063,P014,1,1899,1899,180.41,1718.59,934.31,934.31,24
OI-00137,ORD-00064,P041,2,899,1798,98.89,1699.11,386.57,773.14,38
OI-00138,ORD-00064,P038,1,599,599,20.96,578.04,264.01,264.01,19
OI-00139,ORD-00065,P047,2,349,698,31.41,666.59,157.57,315.14,38
OI-00140,ORD-00065,P025,1,2299,2299,137.94,2161.06,1356.41,1356.41,31
OI-00141,ORD-00066,P021,1,999,999,94.91,904.09,479.52,479.52,24
OI-00142,ORD-00066,P057,2,649,1298,51.92,1246.08,337.48,674.96,32
OI-00143,ORD-00066,P017,1,1899,1899,237.38,1661.62,911.52,911.52,24
OI-00144,ORD-00067,P002,1,2199,2199,241.89,1957.11,1838.36,1838.36,42
OI-00145,ORD-00067,P047,1,349,349,8.72,340.28,157.57,157.57,19
OI-00146,ORD-00068,P034,1,849,849,84.9,764.1,513.43,513.43,31
OI-00147,ORD-00068,P008,1,3499,3499,244.93,3254.07,2708.23,2708.23,42
OI-00148,ORD-00069,P019,1,1399,1399,118.92,1280.08,705.1,705.1,24
OI-00149,ORD-00069,P003,1,4999,4999,574.88,4424.12,4209.16,4209.16,42
OI-00150,ORD-00070,P023,2,999,1998,159.84,1838.16,503.5,1007,48
OI-00151,ORD-00070,P019,1,1399,1399,97.93,1301.07,705.1,705.1,24
OI-00152,ORD-00071,P025,1,2299,2299,137.94,2161.06,1356.41,1356.41,31
OI-00153,ORD-00071,P003,1,4999,4999,499.9,4499.1,4209.16,4209.16,42
OI-00154,ORD-00072,P004,1,4999,4999,674.87,4324.13,4239.15,4239.15,42
OI-00155,ORD-00072,P005,1,1299,1299,149.39,1149.61,1109.35,1109.35,42
OI-00156,ORD-00072,P018,1,1899,1899,161.42,1737.58,934.31,934.31,24
OI-00157,ORD-00073,P040,1,1199,1199,53.95,1145.05,554.24,554.24,19
OI-00158,ORD-00073,P024,1,999,999,59.94,939.06,515.48,515.48,24
OI-00159,ORD-00074,P028,2,1299,2598,181.86,2416.14,823.89,1647.78,62
OI-00160,ORD-00074,P023,1,999,999,89.91,909.09,503.5,503.5,24
OI-00161,ORD-00075,P038,1,599,599,41.93,557.07,264.01,264.01,19
OI-00162,ORD-00075,P019,1,1399,1399,146.9,1252.1,705.1,705.1,24
OI-00163,ORD-00076,P014,1,1899,1899,151.92,1747.08,934.31,934.31,24
OI-00164,ORD-00076,P058,1,649,649,22.72,626.28,345.92,345.92,16
OI-00165,ORD-00077,P003,2,4999,9998,699.86,9298.14,4209.16,8418.32,84
OI-00166,ORD-00077,P055,1,449,449,24.7,424.3,245.15,245.15,16
OI-00167,ORD-00078,P005,2,1299,2598,220.83,2377.17,1109.35,2218.7,84
OI-00168,ORD-00078,P027,2,849,1698,178.29,1519.71,525.96,1051.92,62
OI-00169,ORD-00078,P001,1,3499,3499,472.37,3026.63,2904.17,2904.17,42
OI-00170,ORD-00079,P028,2,1299,2598,233.82,2364.18,823.89,1647.78,62
OI-00171,ORD-00079,P059,1,449,449,11.23,437.77,245.15,245.15,16
OI-00172,ORD-00080,P042,2,899,1798,62.93,1735.07,396.23,792.46,38
OI-00173,ORD-00080,P059,1,449,449,11.23,437.77,245.15,245.15,16
OI-00174,ORD-00081,P015,1,1399,1399,188.87,1210.13,705.1,705.1,24
OI-00175,ORD-00081,P037,2,349,698,48.86,649.14,150.07,300.14,38
OI-00176,ORD-00082,P033,1,2299,2299,229.9,2069.1,1356.41,1356.41,31
OI-00177,ORD-00082,P037,1,349,349,15.71,333.29,150.07,150.07,19
OI-00178,ORD-00083,P004,1,4999,4999,574.88,4424.12,4239.15,4239.15,42
OI-00179,ORD-00083,P002,1,2199,2199,296.87,1902.13,1838.36,1838.36,42
OI-00180,ORD-00084,P029,1,849,849,84.9,764.1,500.91,500.91,31
OI-00181,ORD-00084,P056,1,449,449,11.23,437.77,250.99,250.99,16
OI-00182,ORD-00084,P018,2,1899,3798,341.82,3456.18,934.31,1868.62,48
OI-00183,ORD-00085,P025,1,2299,2299,137.94,2161.06,1356.41,1356.41,31
OI-00184,ORD-00085,P029,1,849,849,59.43,789.57,500.91,500.91,31
OI-00185,ORD-00086,P004,1,4999,4999,574.88,4424.12,4239.15,4239.15,42
OI-00186,ORD-00086,P021,1,999,999,94.91,904.09,479.52,479.52,24
OI-00187,ORD-00087,P038,1,599,599,38.94,560.06,264.01,264.01,19
OI-00188,ORD-00087,P024,1,999,999,99.9,899.1,515.48,515.48,24
OI-00189,ORD-00088,P003,1,4999,4999,449.91,4549.09,4209.16,4209.16,42
OI-00190,ORD-00088,P009,1,3499,3499,314.91,3184.09,2519.28,2519.28,42
OI-00191,ORD-00089,P022,1,699,699,59.42,639.58,343.91,343.91,24
OI-00192,ORD-00089,P005,1,1299,1299,175.37,1123.63,1109.35,1109.35,42
OI-00193,ORD-00090,P017,1,1899,1899,189.9,1709.1,911.52,911.52,24
OI-00194,ORD-00090,P050,1,649,649,9.74,639.26,345.92,345.92,16
OI-00195,ORD-00090,P023,1,999,999,99.9,899.1,503.5,503.5,24
OI-00196,ORD-00091,P017,1,1899,1899,208.89,1690.11,911.52,911.52,24
OI-00197,ORD-00091,P031,1,2299,2299,206.91,2092.09,1424.23,1424.23,31
OI-00198,ORD-00092,P032,1,549,549,46.67,502.33,348.2,348.2,31
OI-00199,ORD-00092,P023,1,999,999,114.89,884.11,503.5,503.5,24
OI-00200,ORD-00093,P043,1,1199,1199,53.95,1145.05,541.35,541.35,19
OI-00201,ORD-00093,P047,2,349,698,38.39,659.61,157.57,315.14,38
OI-00202,ORD-00094,P002,1,2199,2199,197.91,2001.09,1838.36,1838.36,42
OI-00203,ORD-00094,P052,1,199,199,8.96,190.04,111.24,111.24,16
OI-00204,ORD-00095,P045,2,599,1198,71.88,1126.12,257.57,515.14,38
OI-00205,ORD-00095,P034,1,849,849,63.67,785.33,513.43,513.43,31
OI-00206,ORD-00096,P015,1,1399,1399,139.9,1259.1,705.1,705.1,24
OI-00207,ORD-00096,P010,1,2199,2199,175.92,2023.08,1622.86,1622.86,42
OI-00208,ORD-00096,P003,1,4999,4999,449.91,4549.09,4209.16,4209.16,42
OI-00209,ORD-00097,P050,1,649,649,29.2,619.8,345.92,345.92,16
OI-00210,ORD-00097,P039,1,1199,1199,89.92,1109.08,541.35,541.35,19
OI-00211,ORD-00098,P014,1,1899,1899,256.37,1642.63,934.31,934.31,24
OI-00212,ORD-00098,P005,1,1299,1299,110.42,1188.58,1109.35,1109.35,42
OI-00213,ORD-00099,P017,1,1899,1899,170.91,1728.09,911.52,911.52,24
OI-00214,ORD-00099,P052,1,199,199,2.99,196.01,111.24,111.24,16
OI-00215,ORD-00100,P012,1,1299,1299,116.91,1182.09,1005.43,1005.43,42
OI-00216,ORD-00100,P018,1,1899,1899,132.93,1766.07,934.31,934.31,24
OI-00217,ORD-00101,P042,1,899,899,62.93,836.07,396.23,396.23,19
OI-00218,ORD-00101,P029,1,849,849,80.66,768.34,500.91,500.91,31
OI-00219,ORD-00102,P028,1,1299,1299,116.91,1182.09,823.89,823.89,31
OI-00220,ORD-00102,P006,1,3499,3499,384.89,3114.11,2582.26,2582.26,42
OI-00221,ORD-00102,P031,2,2299,4598,275.88,4322.12,1424.23,2848.46,62
OI-00222,ORD-00103,P028,1,1299,1299,116.91,1182.09,823.89,823.89,31
OI-00223,ORD-00103,P056,1,449,449,24.7,424.3,250.99,250.99,16
OI-00224,ORD-00104,P023,1,999,999,104.9,894.1,503.5,503.5,24
OI-00225,ORD-00104,P030,1,849,849,72.17,776.83,513.43,513.43,31
OI-00226,ORD-00105,P026,1,549,549,32.94,516.06,332.01,332.01,31
OI-00227,ORD-00105,P021,1,999,999,109.89,889.11,479.52,479.52,24
OI-00228,ORD-00106,P015,1,1399,1399,153.89,1245.11,705.1,705.1,24
OI-00229,ORD-00106,P021,1,999,999,109.89,889.11,479.52,479.52,24
OI-00230,ORD-00107,P008,1,3499,3499,472.37,3026.63,2708.23,2708.23,42
OI-00231,ORD-00107,P017,2,1899,3798,474.75,3323.25,911.52,1823.04,48
OI-00232,ORD-00108,P055,1,449,449,6.74,442.26,245.15,245.15,16
OI-00233,ORD-00108,P011,1,1299,1299,129.9,1169.1,982.04,982.04,42
OI-00234,ORD-00108,P047,1,349,349,8.72,340.28,157.57,157.57,19
OI-00235,ORD-00109,P017,1,1899,1899,208.89,1690.11,911.52,911.52,24
OI-00236,ORD-00109,P027,1,849,849,59.43,789.57,525.96,525.96,31
OI-00237,ORD-00110,P035,1,1299,1299,162.38,1136.62,804.73,804.73,31
OI-00238,ORD-00110,P022,1,699,699,80.39,618.61,343.91,343.91,24
OI-00239,ORD-00111,P037,1,349,349,8.72,340.28,150.07,150.07,19
OI-00240,ORD-00111,P025,1,2299,2299,229.9,2069.1,1356.41,1356.41,31
OI-00241,ORD-00112,P040,1,1199,1199,77.94,1121.06,554.24,554.24,19
OI-00242,ORD-00112,P012,1,1299,1299,129.9,1169.1,1005.43,1005.43,42
OI-00243,ORD-00113,P001,1,3499,3499,367.4,3131.6,2904.17,2904.17,42
OI-00244,ORD-00113,P057,1,649,649,38.94,610.06,337.48,337.48,16
OI-00245,ORD-00114,P025,1,2299,2299,137.94,2161.06,1356.41,1356.41,31
OI-00246,ORD-00114,P060,1,649,649,22.72,626.28,362.79,362.79,16
OI-00247,ORD-00114,P008,1,3499,3499,209.94,3289.06,2708.23,2708.23,42
OI-00248,ORD-00115,P009,2,3499,6998,769.78,6228.22,2519.28,5038.56,84
OI-00249,ORD-00115,P058,1,649,649,22.72,626.28,345.92,345.92,16
OI-00250,ORD-00116,P039,1,1199,1199,119.9,1079.1,541.35,541.35,19
OI-00251,ORD-00116,P053,1,299,299,20.93,278.07,155.48,155.48,16
OI-00252,ORD-00117,P053,1,299,299,2.99,296.01,155.48,155.48,16
OI-00253,ORD-00117,P025,1,2299,2299,183.92,2115.08,1356.41,1356.41,31
OI-00254,ORD-00118,P001,1,3499,3499,209.94,3289.06,2904.17,2904.17,42
OI-00255,ORD-00118,P008,1,3499,3499,209.94,3289.06,2708.23,2708.23,42
OI-00256,ORD-00119,P002,1,2199,2199,274.88,1924.12,1838.36,1838.36,42
OI-00257,ORD-00119,P006,1,3499,3499,472.37,3026.63,2582.26,2582.26,42
OI-00258,ORD-00120,P033,2,2299,4598,459.8,4138.2,1356.41,2712.82,62
OI-00259,ORD-00120,P010,1,2199,2199,175.92,2023.08,1622.86,1622.86,42
OI-00260,ORD-00120,P055,1,449,449,11.23,437.77,245.15,245.15,16
OI-00261,ORD-00121,P039,1,1199,1199,89.92,1109.08,541.35,541.35,19
OI-00262,ORD-00121,P051,1,449,449,20.2,428.8,245.15,245.15,16
OI-00263,ORD-00122,P018,1,1899,1899,199.4,1699.6,934.31,934.31,24
OI-00264,ORD-00122,P042,2,899,1798,143.84,1654.16,396.23,792.46,38
OI-00265,ORD-00123,P022,2,699,1398,111.84,1286.16,343.91,687.82,48
OI-00266,ORD-00123,P016,1,1399,1399,125.91,1273.09,721.88,721.88,24
OI-00267,ORD-00124,P056,1,449,449,13.47,435.53,250.99,250.99,16
OI-00268,ORD-00124,P037,1,349,349,31.41,317.59,150.07,150.07,19
OI-00269,ORD-00125,P003,1,4999,4999,449.91,4549.09,4209.16,4209.16,42
OI-00270,ORD-00125,P046,1,599,599,44.92,554.08,264.01,264.01,19
OI-00271,ORD-00126,P038,2,599,1198,29.95,1168.05,264.01,528.02,38
OI-00272,ORD-00126,P038,1,599,599,20.96,578.04,264.01,264.01,19
OI-00273,ORD-00126,P020,1,1899,1899,113.94,1785.06,979.88,979.88,24
OI-00274,ORD-00127,P039,1,1199,1199,83.93,1115.07,541.35,541.35,19
OI-00275,ORD-00127,P009,1,3499,3499,472.37,3026.63,2519.28,2519.28,42
OI-00276,ORD-00128,P011,1,1299,1299,103.92,1195.08,982.04,982.04,42
OI-00277,ORD-00128,P044,1,1199,1199,65.95,1133.05,554.24,554.24,19
OI-00278,ORD-00129,P029,1,849,849,50.94,798.06,500.91,500.91,31
OI-00279,ORD-00129,P048,1,1199,1199,77.94,1121.06,554.24,554.24,19
OI-00280,ORD-00130,P027,1,849,849,97.64,751.36,525.96,525.96,31
OI-00281,ORD-00130,P014,1,1899,1899,237.38,1661.62,934.31,934.31,24
OI-00282,ORD-00131,P012,1,1299,1299,77.94,1221.06,1005.43,1005.43,42
OI-00283,ORD-00131,P025,1,2299,2299,183.92,2115.08,1356.41,1356.41,31
OI-00284,ORD-00132,P001,1,3499,3499,314.91,3184.09,2904.17,2904.17,42
OI-00285,ORD-00132,P057,1,649,649,35.7,613.3,337.48,337.48,16
OI-00286,ORD-00132,P037,1,349,349,26.18,322.82,150.07,150.07,19
OI-00287,ORD-00133,P057,1,649,649,45.43,603.57,337.48,337.48,16
OI-00288,ORD-00133,P016,1,1399,1399,188.87,1210.13,721.88,721.88,24
OI-00289,ORD-00134,P039,1,1199,1199,89.92,1109.08,541.35,541.35,19
OI-00290,ORD-00134,P041,1,899,899,58.44,840.56,386.57,386.57,19
OI-00291,ORD-00135,P040,1,1199,1199,89.92,1109.08,554.24,554.24,19
OI-00292,ORD-00135,P059,1,449,449,11.23,437.77,245.15,245.15,16
OI-00293,ORD-00136,P050,1,649,649,25.96,623.04,345.92,345.92,16
OI-00294,ORD-00136,P033,1,2299,2299,241.39,2057.61,1356.41,1356.41,31
OI-00295,ORD-00137,P022,1,699,699,48.93,650.07,343.91,343.91,24
OI-00296,ORD-00137,P022,1,699,699,41.94,657.06,343.91,343.91,24
OI-00297,ORD-00138,P027,1,849,849,76.41,772.59,525.96,525.96,31
OI-00298,ORD-00138,P033,1,2299,2299,137.94,2161.06,1356.41,1356.41,31
OI-00299,ORD-00138,P053,1,299,299,10.47,288.53,155.48,155.48,16
OI-00300,ORD-00139,P038,1,599,599,59.9,539.1,264.01,264.01,19
OI-00301,ORD-00139,P030,1,849,849,63.67,785.33,513.43,513.43,31
OI-00302,ORD-00140,P059,1,449,449,24.7,424.3,245.15,245.15,16
OI-00303,ORD-00140,P055,1,449,449,11.23,437.77,245.15,245.15,16
OI-00304,ORD-00141,P030,2,849,1698,135.84,1562.16,513.43,1026.86,62
OI-00305,ORD-00141,P016,1,1399,1399,153.89,1245.11,721.88,721.88,24
OI-00306,ORD-00142,P044,1,1199,1199,71.94,1127.06,554.24,554.24,19
OI-00307,ORD-00142,P012,1,1299,1299,110.42,1188.58,1005.43,1005.43,42
OI-00308,ORD-00143,P044,1,1199,1199,65.95,1133.05,554.24,554.24,19
OI-00309,ORD-00143,P014,1,1899,1899,151.92,1747.08,934.31,934.31,24
OI-00310,ORD-00144,P024,1,999,999,109.89,889.11,515.48,515.48,24
OI-00311,ORD-00144,P021,1,999,999,79.92,919.08,479.52,479.52,24
OI-00312,ORD-00144,P039,2,1199,2398,107.91,2290.09,541.35,1082.7,38
OI-00313,ORD-00145,P012,2,1299,2598,246.81,2351.19,1005.43,2010.86,84
OI-00314,ORD-00145,P043,1,1199,1199,83.93,1115.07,541.35,541.35,19
OI-00315,ORD-00146,P040,2,1199,2398,83.93,2314.07,554.24,1108.48,38
OI-00316,ORD-00146,P047,1,349,349,12.21,336.79,157.57,157.57,19
OI-00317,ORD-00147,P058,1,649,649,16.23,632.77,345.92,345.92,16
OI-00318,ORD-00147,P035,1,1299,1299,90.93,1208.07,804.73,804.73,31
OI-00319,ORD-00148,P008,1,3499,3499,297.42,3201.58,2708.23,2708.23,42
OI-00320,ORD-00148,P017,1,1899,1899,180.41,1718.59,911.52,911.52,24
OI-00321,ORD-00149,P040,1,1199,1199,89.92,1109.08,554.24,554.24,19
OI-00322,ORD-00149,P015,2,1399,2798,279.8,2518.2,705.1,1410.2,48
OI-00323,ORD-00150,P046,1,599,599,44.92,554.08,264.01,264.01,19
OI-00324,ORD-00150,P029,2,849,1698,152.82,1545.18,500.91,1001.82,62
OI-00325,ORD-00150,P023,2,999,1998,179.82,1818.18,503.5,1007,48
OI-00326,ORD-00151,P022,1,699,699,80.39,618.61,343.91,343.91,24
OI-00327,ORD-00151,P013,1,999,999,84.92,914.08,479.52,479.52,24
OI-00328,ORD-00152,P007,1,2199,2199,153.93,2045.07,1662.44,1662.44,42
OI-00329,ORD-00152,P045,2,599,1198,41.93,1156.07,257.57,515.14,38
OI-00330,ORD-00153,P003,1,4999,4999,549.89,4449.11,4209.16,4209.16,42
OI-00331,ORD-00153,P012,1,1299,1299,129.9,1169.1,1005.43,1005.43,42
OI-00332,ORD-00154,P023,1,999,999,124.88,874.12,503.5,503.5,24
OI-00333,ORD-00154,P015,1,1399,1399,132.91,1266.09,705.1,705.1,24
OI-00334,ORD-00155,P024,1,999,999,79.92,919.08,515.48,515.48,24
OI-00335,ORD-00155,P037,1,349,349,26.18,322.82,150.07,150.07,19
OI-00336,ORD-00156,P038,2,599,1198,77.87,1120.13,264.01,528.02,38
OI-00337,ORD-00156,P021,1,999,999,69.93,929.07,479.52,479.52,24
OI-00338,ORD-00156,P055,1,449,449,6.74,442.26,245.15,245.15,16
OI-00339,ORD-00157,P036,1,1299,1299,110.42,1188.58,823.89,823.89,31
OI-00340,ORD-00157,P038,1,599,599,53.91,545.09,264.01,264.01,19
OI-00341,ORD-00158,P044,1,1199,1199,77.94,1121.06,554.24,554.24,19
OI-00342,ORD-00158,P019,1,1399,1399,153.89,1245.11,705.1,705.1,24
OI-00343,ORD-00159,P037,2,349,698,17.45,680.55,150.07,300.14,38
OI-00344,ORD-00159,P025,1,2299,2299,160.93,2138.07,1356.41,1356.41,31
OI-00345,ORD-00160,P060,1,649,649,45.43,603.57,362.79,362.79,16
OI-00346,ORD-00160,P038,1,599,599,35.94,563.06,264.01,264.01,19
OI-00347,ORD-00161,P057,1,649,649,38.94,610.06,337.48,337.48,16
OI-00348,ORD-00161,P003,1,4999,4999,549.89,4449.11,4209.16,4209.16,42
OI-00349,ORD-00162,P033,1,2299,2299,298.87,2000.13,1356.41,1356.41,31
OI-00350,ORD-00162,P013,1,999,999,131.87,867.13,479.52,479.52,24
OI-00351,ORD-00162,P041,2,899,1798,129.46,1668.54,386.57,773.14,38
OI-00352,ORD-00163,P024,2,999,1998,273.73,1724.27,515.48,1030.96,48
OI-00353,ORD-00163,P034,1,849,849,106.13,742.87,513.43,513.43,31
OI-00354,ORD-00164,P032,1,549,549,43.92,505.08,348.2,348.2,31
OI-00355,ORD-00164,P001,1,3499,3499,454.87,3044.13,2904.17,2904.17,42
OI-00356,ORD-00165,P043,1,1199,1199,104.31,1094.69,541.35,541.35,19
OI-00357,ORD-00165,P042,2,899,1798,102.49,1695.51,396.23,792.46,38
OI-00358,ORD-00166,P027,1,849,849,93.39,755.61,525.96,525.96,31
OI-00359,ORD-00166,P037,1,349,349,18.15,330.85,150.07,150.07,19
OI-00360,ORD-00167,P029,2,849,1698,220.74,1477.26,500.91,1001.82,62
OI-00361,ORD-00167,P055,1,449,449,13.47,435.53,245.15,245.15,16
OI-00362,ORD-00168,P058,1,649,649,48.68,600.32,345.92,345.92,16
OI-00363,ORD-00168,P003,1,4999,4999,774.85,4224.15,4209.16,4209.16,42
OI-00364,ORD-00168,P054,1,299,299,16.45,282.55,159.37,159.37,16
OI-00365,ORD-00169,P031,1,2299,2299,298.87,2000.13,1424.23,1424.23,31
OI-00366,ORD-00169,P008,1,3499,3499,454.87,3044.13,2708.23,2708.23,42
OI-00367,ORD-00170,P021,1,999,999,81.92,917.08,479.52,479.52,24
OI-00368,ORD-00170,P008,1,3499,3499,559.84,2939.16,2708.23,2708.23,42
OI-00369,ORD-00171,P020,1,1899,1899,222.18,1676.82,979.88,979.88,24
OI-00370,ORD-00171,P007,1,2199,2199,406.81,1792.19,1662.44,1662.44,42
OI-00371,ORD-00172,P025,1,2299,2299,206.91,2092.09,1356.41,1356.41,31
OI-00372,ORD-00172,P038,1,599,599,31.15,567.85,264.01,264.01,19
OI-00373,ORD-00173,P036,1,1299,1299,168.87,1130.13,823.89,823.89,31
OI-00374,ORD-00173,P047,1,349,349,25.13,323.87,157.57,157.57,19
OI-00375,ORD-00174,P022,1,699,699,81.78,617.22,343.91,343.91,24
OI-00376,ORD-00174,P029,1,849,849,123.1,725.9,500.91,500.91,31
OI-00377,ORD-00174,P003,1,4999,4999,724.85,4274.15,4209.16,4209.16,42
OI-00378,ORD-00175,P053,1,299,299,14.95,284.05,155.48,155.48,16
OI-00379,ORD-00175,P006,1,3499,3499,384.89,3114.11,2582.26,2582.26,42
OI-00380,ORD-00176,P015,2,1399,2798,341.36,2456.64,705.1,1410.2,48
OI-00381,ORD-00176,P058,1,649,649,38.94,610.06,345.92,345.92,16
OI-00382,ORD-00177,P056,1,449,449,29.19,419.81,250.99,250.99,16
OI-00383,ORD-00177,P006,1,3499,3499,507.35,2991.65,2582.26,2582.26,42
OI-00384,ORD-00178,P041,1,899,899,73.72,825.28,386.57,386.57,19
OI-00385,ORD-00178,P016,1,1399,1399,128.71,1270.29,721.88,721.88,24
OI-00386,ORD-00179,P033,1,2299,2299,252.89,2046.11,1356.41,1356.41,31
OI-00387,ORD-00179,P029,1,849,849,67.92,781.08,500.91,500.91,31
OI-00388,ORD-00180,P048,1,1199,1199,128.29,1070.71,554.24,554.24,19
OI-00389,ORD-00180,P035,1,1299,1299,188.35,1110.65,804.73,804.73,31
OI-00390,ORD-00180,P012,2,1299,2598,480.63,2117.37,1005.43,2010.86,84
OI-00391,ORD-00181,P016,1,1399,1399,128.71,1270.29,721.88,721.88,24
OI-00392,ORD-00181,P022,2,699,1398,142.6,1255.4,343.91,687.82,48
OI-00393,ORD-00182,P034,1,849,849,110.37,738.63,513.43,513.43,31
OI-00394,ORD-00182,P004,1,4999,4999,749.85,4249.15,4239.15,4239.15,42
OI-00395,ORD-00183,P051,1,449,449,29.19,419.81,245.15,245.15,16
OI-00396,ORD-00183,P017,1,1899,1899,222.18,1676.82,911.52,911.52,24
OI-00397,ORD-00184,P004,1,4999,4999,549.89,4449.11,4239.15,4239.15,42
OI-00398,ORD-00184,P047,1,349,349,18.15,330.85,157.57,157.57,19
OI-00399,ORD-00185,P010,1,2199,2199,307.86,1891.14,1622.86,1622.86,42
OI-00400,ORD-00185,P041,1,899,899,37.76,861.24,386.57,386.57,19
OI-00401,ORD-00186,P015,1,1399,1399,163.68,1235.32,705.1,705.1,24
OI-00402,ORD-00186,P022,2,699,1398,149.59,1248.41,343.91,687.82,48
OI-00403,ORD-00186,P039,1,1199,1199,128.29,1070.71,541.35,541.35,19
OI-00404,ORD-00187,P027,2,849,1698,203.76,1494.24,525.96,1051.92,62
OI-00405,ORD-00187,P048,1,1199,1199,86.33,1112.67,554.24,554.24,19
OI-00406,ORD-00188,P005,1,1299,1299,155.88,1143.12,1109.35,1109.35,42
OI-00407,ORD-00188,P023,1,999,999,111.89,887.11,503.5,503.5,24
OI-00408,ORD-00189,P004,1,4999,4999,924.81,4074.19,4239.15,4239.15,42
OI-00409,ORD-00189,P030,1,849,849,97.64,751.36,513.43,513.43,31
OI-00410,ORD-00190,P038,1,599,599,37.14,561.86,264.01,264.01,19
OI-00411,ORD-00190,P043,1,1199,1199,38.37,1160.63,541.35,541.35,19
OI-00412,ORD-00191,P012,1,1299,1299,194.85,1104.15,1005.43,1005.43,42
OI-00413,ORD-00191,P057,1,649,649,32.45,616.55,337.48,337.48,16
OI-00414,ORD-00192,P031,1,2299,2299,264.38,2034.62,1424.23,1424.23,31
OI-00415,ORD-00192,P031,1,2299,2299,287.38,2011.62,1424.23,1424.23,31
OI-00416,ORD-00192,P013,1,999,999,156.84,842.16,479.52,479.52,24
OI-00417,ORD-00193,P058,1,649,649,19.47,629.53,345.92,345.92,16
OI-00418,ORD-00193,P039,1,1199,1199,74.34,1124.66,541.35,541.35,19
OI-00419,ORD-00194,P042,1,899,899,46.75,852.25,396.23,396.23,19
OI-00420,ORD-00194,P019,1,1399,1399,128.71,1270.29,705.1,705.1,24
OI-00421,ORD-00195,P044,1,1199,1199,104.31,1094.69,554.24,554.24,19
OI-00422,ORD-00195,P018,1,1899,1899,298.14,1600.86,934.31,934.31,24
OI-00423,ORD-00196,P003,1,4999,4999,649.87,4349.13,4209.16,4209.16,42
OI-00424,ORD-00196,P009,1,3499,3499,419.88,3079.12,2519.28,2519.28,42
OI-00425,ORD-00197,P028,1,1299,1299,129.9,1169.1,823.89,823.89,31
OI-00426,ORD-00197,P039,1,1199,1199,98.32,1100.68,541.35,541.35,19
OI-00427,ORD-00198,P002,1,2199,2199,384.82,1814.18,1838.36,1838.36,42
OI-00428,ORD-00198,P048,1,1199,1199,116.3,1082.7,554.24,554.24,19
OI-00429,ORD-00198,P004,1,4999,4999,824.84,4174.16,4239.15,4239.15,42
OI-00430,ORD-00199,P004,1,4999,4999,599.88,4399.12,4239.15,4239.15,42
OI-00431,ORD-00199,P028,2,1299,2598,259.8,2338.2,823.89,1647.78,62
OI-00432,ORD-00200,P001,1,3499,3499,384.89,3114.11,2904.17,2904.17,42
OI-00433,ORD-00200,P003,1,4999,4999,549.89,4449.11,4209.16,4209.16,42
OI-00434,ORD-00201,P042,2,899,1798,120.47,1677.53,396.23,792.46,38
OI-00435,ORD-00201,P033,1,2299,2299,310.37,1988.63,1356.41,1356.41,31
OI-00436,ORD-00202,P001,1,3499,3499,384.89,3114.11,2904.17,2904.17,42
OI-00437,ORD-00202,P041,1,899,899,37.76,861.24,386.57,386.57,19
OI-00438,ORD-00203,P029,1,849,849,110.37,738.63,500.91,500.91,31
OI-00439,ORD-00203,P020,1,1899,1899,174.71,1724.29,979.88,979.88,24
OI-00440,ORD-00204,P004,1,4999,4999,924.81,4074.19,4239.15,4239.15,42
OI-00441,ORD-00204,P032,2,549,1098,159.21,938.79,348.2,696.4,62
OI-00442,ORD-00204,P020,1,1899,1899,222.18,1676.82,979.88,979.88,24
OI-00443,ORD-00205,P046,1,599,599,31.15,567.85,264.01,264.01,19
OI-00444,ORD-00205,P045,1,599,599,19.17,579.83,257.57,257.57,19
OI-00445,ORD-00206,P022,1,699,699,95.76,603.24,343.91,343.91,24
OI-00446,ORD-00206,P007,1,2199,2199,340.84,1858.16,1662.44,1662.44,42
OI-00447,ORD-00207,P019,2,1399,2798,341.36,2456.64,705.1,1410.2,48
OI-00448,ORD-00207,P004,2,4999,9998,1499.7,8498.3,4239.15,8478.3,84
OI-00449,ORD-00208,P028,1,1299,1299,155.88,1143.12,823.89,823.89,31
OI-00450,ORD-00208,P046,1,599,599,37.14,561.86,264.01,264.01,19
OI-00451,ORD-00209,P015,1,1399,1399,205.65,1193.35,705.1,705.1,24
OI-00452,ORD-00209,P029,1,849,849,123.1,725.9,500.91,500.91,31
OI-00453,ORD-00210,P038,1,599,599,25.16,573.84,264.01,264.01,19
OI-00454,ORD-00210,P047,2,349,698,50.26,647.74,157.57,315.14,38
OI-00455,ORD-00210,P045,1,599,599,31.15,567.85,257.57,257.57,19
OI-00456,ORD-00211,P038,2,599,1198,62.3,1135.7,264.01,528.02,38
OI-00457,ORD-00211,P012,2,1299,2598,311.76,2286.24,1005.43,2010.86,84
OI-00458,ORD-00212,P049,1,649,649,35.7,613.3,337.48,337.48,16
OI-00459,ORD-00212,P024,1,999,999,136.86,862.14,515.48,515.48,24
OI-00460,ORD-00213,P001,1,3499,3499,419.88,3079.12,2904.17,2904.17,42
OI-00461,ORD-00213,P044,1,1199,1199,98.32,1100.68,554.24,554.24,19
OI-00462,ORD-00214,P058,1,649,649,32.45,616.55,345.92,345.92,16
OI-00463,ORD-00214,P039,2,1199,2398,196.64,2201.36,541.35,1082.7,38
OI-00464,ORD-00215,P059,2,449,898,76.33,821.67,245.15,490.3,32
OI-00465,ORD-00215,P010,1,2199,2199,296.87,1902.13,1622.86,1622.86,42
OI-00466,ORD-00216,P044,1,1199,1199,50.36,1148.64,554.24,554.24,19
OI-00467,ORD-00216,P033,1,2299,2299,183.92,2115.08,1356.41,1356.41,31
OI-00468,ORD-00216,P043,1,1199,1199,74.34,1124.66,541.35,541.35,19
OI-00469,ORD-00217,P010,1,2199,2199,351.84,1847.16,1622.86,1622.86,42
OI-00470,ORD-00217,P010,1,2199,2199,307.86,1891.14,1622.86,1622.86,42
OI-00471,ORD-00218,P023,1,999,999,106.89,892.11,503.5,503.5,24
OI-00472,ORD-00218,P010,1,2199,2199,362.84,1836.16,1622.86,1622.86,42
OI-00473,ORD-00219,P035,1,1299,1299,103.92,1195.08,804.73,804.73,31
OI-00474,ORD-00219,P029,1,849,849,101.88,747.12,500.91,500.91,31
OI-00475,ORD-00220,P020,1,1899,1899,174.71,1724.29,979.88,979.88,24
OI-00476,ORD-00220,P011,1,1299,1299,168.87,1130.13,982.04,982.04,42
OI-00477,ORD-00221,P042,1,899,899,96.19,802.81,396.23,396.23,19
OI-00478,ORD-00221,P011,1,1299,1299,240.31,1058.69,982.04,982.04,42
OI-00479,ORD-00222,P003,2,4999,9998,1499.7,8498.3,4209.16,8418.32,84
OI-00480,ORD-00222,P052,1,199,199,7.96,191.04,111.24,111.24,16
OI-00481,ORD-00222,P042,1,899,899,64.73,834.27,396.23,396.23,19
OI-00482,ORD-00223,P044,1,1199,1199,50.36,1148.64,554.24,554.24,19
OI-00483,ORD-00223,P028,1,1299,1299,168.87,1130.13,823.89,823.89,31
OI-00484,ORD-00224,P012,2,1299,2598,428.67,2169.33,1005.43,2010.86,84
OI-00485,ORD-00224,P049,1,649,649,29.21,619.79,337.48,337.48,16
OI-00486,ORD-00225,P022,1,699,699,92.27,606.73,343.91,343.91,24
OI-00487,ORD-00225,P041,1,899,899,46.75,852.25,386.57,386.57,19
OI-00488,ORD-00226,P035,1,1299,1299,155.88,1143.12,804.73,804.73,31
OI-00489,ORD-00226,P007,1,2199,2199,307.86,1891.14,1662.44,1662.44,42
OI-00490,ORD-00227,P060,1,649,649,22.72,626.28,362.79,362.79,16
OI-00491,ORD-00227,P003,1,4999,4999,924.81,4074.19,4209.16,4209.16,42
OI-00492,ORD-00228,P047,1,349,349,18.15,330.85,157.57,157.57,19
OI-00493,ORD-00228,P054,1,299,299,5.98,293.02,159.37,159.37,16
OI-00494,ORD-00228,P029,2,849,1698,152.82,1545.18,500.91,1001.82,62
OI-00495,ORD-00229,P010,2,2199,4398,571.74,3826.26,1622.86,3245.72,84
OI-00496,ORD-00229,P034,2,849,1698,220.74,1477.26,513.43,1026.86,62
OI-00497,ORD-00230,P037,1,349,349,30.36,318.64,150.07,150.07,19
OI-00498,ORD-00230,P026,1,549,549,68.63,480.37,332.01,332.01,31
OI-00499,ORD-00231,P014,1,1899,1899,174.71,1724.29,934.31,934.31,24
OI-00500,ORD-00231,P027,2,849,1698,152.82,1545.18,525.96,1051.92,62
OI-00501,ORD-00232,P034,2,849,1698,186.78,1511.22,513.43,1026.86,62
OI-00502,ORD-00232,P002,1,2199,2199,263.88,1935.12,1838.36,1838.36,42
OI-00503,ORD-00233,P052,1,199,199,14.93,184.07,111.24,111.24,16
OI-00504,ORD-00233,P013,1,999,999,116.88,882.12,479.52,479.52,24
OI-00505,ORD-00234,P040,1,1199,1199,62.35,1136.65,554.24,554.24,19
OI-00506,ORD-00234,P030,1,849,849,84.9,764.1,513.43,513.43,31
OI-00507,ORD-00234,P055,1,449,449,4.49,444.51,245.15,245.15,16
OI-00508,ORD-00235,P051,1,449,449,17.96,431.04,245.15,245.15,16
OI-00509,ORD-00235,P052,2,199,398,11.94,386.06,111.24,222.48,32
OI-00510,ORD-00236,P046,2,599,1198,68.29,1129.71,264.01,528.02,38
OI-00511,ORD-00236,P040,2,1199,2398,160.67,2237.33,554.24,1108.48,38
OI-00512,ORD-00237,P052,1,199,199,3.98,195.02,111.24,111.24,16
OI-00513,ORD-00237,P003,1,4999,4999,599.88,4399.12,4209.16,4209.16,42
OI-00514,ORD-00238,P025,1,2299,2299,206.91,2092.09,1356.41,1356.41,31
OI-00515,ORD-00238,P027,1,849,849,101.88,747.12,525.96,525.96,31
OI-00516,ORD-00239,P013,1,999,999,116.88,882.12,479.52,479.52,24
OI-00517,ORD-00239,P041,1,899,899,60.23,838.77,386.57,386.57,19
OI-00518,ORD-00240,P031,2,2299,4598,597.74,4000.26,1424.23,2848.46,62
OI-00519,ORD-00240,P019,2,1399,2798,341.36,2456.64,705.1,1410.2,48
OI-00520,ORD-00240,P056,1,449,449,17.96,431.04,250.99,250.99,16
OI-00521,ORD-00241,P030,2,849,1698,220.74,1477.26,513.43,1026.86,62
OI-00522,ORD-00241,P027,1,849,849,93.39,755.61,525.96,525.96,31
OI-00523,ORD-00242,P055,1,449,449,15.72,433.28,245.15,245.15,16
OI-00524,ORD-00242,P013,1,999,999,126.87,872.13,479.52,479.52,24
OI-00525,ORD-00243,P046,1,599,599,31.15,567.85,264.01,264.01,19
OI-00526,ORD-00243,P038,2,599,1198,74.28,1123.72,264.01,528.02,38
OI-00527,ORD-00244,P060,1,649,649,12.98,636.02,362.79,362.79,16
OI-00528,ORD-00244,P011,1,1299,1299,181.86,1117.14,982.04,982.04,42
OI-00529,ORD-00245,P031,1,2299,2299,264.38,2034.62,1424.23,1424.23,31
OI-00530,ORD-00245,P053,1,299,299,10.47,288.53,155.48,155.48,16
OI-00531,ORD-00246,P009,1,3499,3499,524.85,2974.15,2519.28,2519.28,42
OI-00532,ORD-00246,P017,1,1899,1899,250.67,1648.33,911.52,911.52,24
OI-00533,ORD-00246,P030,1,849,849,101.88,747.12,513.43,513.43,31
OI-00534,ORD-00247,P055,1,449,449,26.94,422.06,245.15,245.15,16
OI-00535,ORD-00247,P026,2,549,1098,98.82,999.18,332.01,664.02,62
OI-00536,ORD-00248,P025,1,2299,2299,298.87,2000.13,1356.41,1356.41,31
OI-00537,ORD-00248,P028,2,1299,2598,233.82,2364.18,823.89,1647.78,62
OI-00538,ORD-00249,P006,1,3499,3499,454.87,3044.13,2582.26,2582.26,42
OI-00539,ORD-00249,P003,2,4999,9998,1199.76,8798.24,4209.16,8418.32,84
OI-00540,ORD-00250,P009,1,3499,3499,472.37,3026.63,2519.28,2519.28,42
OI-00541,ORD-00250,P008,1,3499,3499,542.35,2956.65,2708.23,2708.23,42
OI-00542,ORD-00251,P031,1,2299,2299,252.89,2046.11,1424.23,1424.23,31
OI-00543,ORD-00251,P024,1,999,999,111.89,887.11,515.48,515.48,24
OI-00544,ORD-00252,P032,1,549,549,65.88,483.12,348.2,348.2,31
OI-00545,ORD-00252,P019,1,1399,1399,142.7,1256.3,705.1,705.1,24
OI-00546,ORD-00252,P009,1,3499,3499,524.85,2974.15,2519.28,2519.28,42
OI-00547,ORD-00253,P007,1,2199,2199,384.82,1814.18,1662.44,1662.44,42
OI-00548,ORD-00253,P054,1,299,299,19.44,279.56,159.37,159.37,16
OI-00549,ORD-00254,P008,1,3499,3499,524.85,2974.15,2708.23,2708.23,42
OI-00550,ORD-00254,P028,1,1299,1299,168.87,1130.13,823.89,823.89,31
OI-00551,ORD-00255,P048,2,1199,2398,124.7,2273.3,554.24,1108.48,38
OI-00552,ORD-00255,P002,1,2199,2199,241.89,1957.11,1838.36,1838.36,42
OI-00553,ORD-00256,P019,1,1399,1399,149.69,1249.31,705.1,705.1,24
OI-00554,ORD-00256,P058,1,649,649,22.72,626.28,345.92,345.92,16
OI-00555,ORD-00257,P044,1,1199,1199,38.37,1160.63,554.24,554.24,19
OI-00556,ORD-00257,P058,2,649,1298,12.98,1285.02,345.92,691.84,32
OI-00557,ORD-00258,P019,1,1399,1399,184.67,1214.33,705.1,705.1,24
OI-00558,ORD-00258,P002,1,2199,2199,351.84,1847.16,1838.36,1838.36,42
OI-00559,ORD-00258,P059,1,449,449,22.45,426.55,245.15,245.15,16
OI-00560,ORD-00259,P030,1,849,849,123.1,725.9,513.43,513.43,31
OI-00561,ORD-00259,P012,1,1299,1299,240.31,1058.69,1005.43,1005.43,42
OI-00562,ORD-00260,P060,2,649,1298,51.92,1246.08,362.79,725.58,32
OI-00563,ORD-00260,P031,1,2299,2299,206.91,2092.09,1424.23,1424.23,31
OI-00564,ORD-00261,P054,1,299,299,5.98,293.02,159.37,159.37,16
OI-00565,ORD-00261,P012,2,1299,2598,285.78,2312.22,1005.43,2010.86,84
OI-00566,ORD-00262,P029,1,849,849,89.14,759.86,500.91,500.91,31
OI-00567,ORD-00262,P059,1,449,449,33.68,415.32,245.15,245.15,16
OI-00568,ORD-00263,P052,1,199,199,5.97,193.03,111.24,111.24,16
OI-00569,ORD-00263,P014,1,1899,1899,250.67,1648.33,934.31,934.31,24
OI-00570,ORD-00264,P015,1,1399,1399,142.7,1256.3,705.1,705.1,24
OI-00571,ORD-00264,P034,1,849,849,84.9,764.1,513.43,513.43,31
OI-00572,ORD-00264,P051,1,449,449,26.94,422.06,245.15,245.15,16
OI-00573,ORD-00265,P034,1,849,849,89.14,759.86,513.43,513.43,31
OI-00574,ORD-00265,P024,1,999,999,136.86,862.14,515.48,515.48,24
OI-00575,ORD-00266,P029,1,849,849,67.92,781.08,500.91,500.91,31
OI-00576,ORD-00266,P055,2,449,898,44.9,853.1,245.15,490.3,32
OI-00577,ORD-00267,P044,2,1199,2398,124.7,2273.3,554.24,1108.48,38
OI-00578,ORD-00267,P034,1,849,849,84.9,764.1,513.43,513.43,31
OI-00579,ORD-00268,P001,1,3499,3499,542.35,2956.65,2904.17,2904.17,42
OI-00580,ORD-00268,P025,2,2299,4598,528.77,4069.23,1356.41,2712.82,62
OI-00581,ORD-00269,P015,1,1399,1399,156.69,1242.31,705.1,705.1,24
OI-00582,ORD-00269,P035,1,1299,1299,168.87,1130.13,804.73,804.73,31
OI-00583,ORD-00270,P001,2,3499,6998,839.76,6158.24,2904.17,5808.34,84
OI-00584,ORD-00270,P006,1,3499,3499,489.86,3009.14,2582.26,2582.26,42
OI-00585,ORD-00270,P006,2,3499,6998,769.78,6228.22,2582.26,5164.52,84
OI-00586,ORD-00271,P012,2,1299,2598,480.63,2117.37,1005.43,2010.86,84
OI-00587,ORD-00271,P019,1,1399,1399,219.64,1179.36,705.1,705.1,24
OI-00588,ORD-00272,P001,1,3499,3499,489.86,3009.14,2904.17,2904.17,42
OI-00589,ORD-00272,P036,2,1299,2598,207.84,2390.16,823.89,1647.78,62
OI-00590,ORD-00273,P046,1,599,599,19.17,579.83,264.01,264.01,19
OI-00591,ORD-00273,P006,1,3499,3499,384.89,3114.11,2582.26,2582.26,42
OI-00592,ORD-00274,P045,1,599,599,64.09,534.91,257.57,257.57,19
OI-00593,ORD-00274,P040,1,1199,1199,68.34,1130.66,554.24,554.24,19
OI-00594,ORD-00275,P055,1,449,449,26.94,422.06,245.15,245.15,16
OI-00595,ORD-00275,P043,1,1199,1199,50.36,1148.64,541.35,541.35,19
OI-00596,ORD-00276,P006,2,3499,6998,1049.7,5948.3,2582.26,5164.52,84
OI-00597,ORD-00276,P009,1,3499,3499,524.85,2974.15,2519.28,2519.28,42
OI-00598,ORD-00276,P036,1,1299,1299,142.89,1156.11,823.89,823.89,31
OI-00599,ORD-00277,P014,1,1899,1899,298.14,1600.86,934.31,934.31,24
OI-00600,ORD-00277,P004,1,4999,4999,874.82,4124.18,4239.15,4239.15,42
OI-00601,ORD-00278,P013,1,999,999,111.89,887.11,479.52,479.52,24
OI-00602,ORD-00278,P015,2,1399,2798,229.44,2568.56,705.1,1410.2,48
OI-00603,ORD-00279,P004,2,4999,9998,1599.68,8398.32,4239.15,8478.3,84
OI-00604,ORD-00279,P051,1,449,449,22.45,426.55,245.15,245.15,16
OI-00605,ORD-00280,P012,1,1299,1299,188.35,1110.65,1005.43,1005.43,42
OI-00606,ORD-00280,P010,1,2199,2199,362.84,1836.16,1622.86,1622.86,42
OI-00607,ORD-00281,P035,1,1299,1299,116.91,1182.09,804.73,804.73,31
OI-00608,ORD-00281,P047,1,349,349,11.17,337.83,157.57,157.57,19
OI-00609,ORD-00282,P032,1,549,549,49.41,499.59,348.2,348.2,31
OI-00610,ORD-00282,P030,1,849,849,67.92,781.08,513.43,513.43,31
OI-00611,ORD-00282,P029,1,849,849,110.37,738.63,500.91,500.91,31
OI-00612,ORD-00283,P012,1,1299,1299,240.31,1058.69,1005.43,1005.43,42
OI-00613,ORD-00283,P020,1,1899,1899,241.17,1657.83,979.88,979.88,24
OI-00614,ORD-00284,P021,1,999,999,81.92,917.08,479.52,479.52,24
OI-00615,ORD-00284,P056,1,449,449,8.98,440.02,250.99,250.99,16
OI-00616,ORD-00285,P049,2,649,1298,12.98,1285.02,337.48,674.96,32
OI-00617,ORD-00285,P031,2,2299,4598,597.74,4000.26,1424.23,2848.46,62
OI-00618,ORD-00286,P032,2,549,1098,170.19,927.81,348.2,696.4,62
OI-00619,ORD-00286,P054,1,299,299,13.46,285.54,159.37,159.37,16
OI-00620,ORD-00287,P008,1,3499,3499,489.86,3009.14,2708.23,2708.23,42
OI-00621,ORD-00287,P011,1,1299,1299,155.88,1143.12,982.04,982.04,42
OI-00622,ORD-00288,P045,1,599,599,25.16,573.84,257.57,257.57,19
OI-00623,ORD-00288,P058,1,649,649,25.96,623.04,345.92,345.92,16
OI-00624,ORD-00288,P031,1,2299,2299,298.87,2000.13,1424.23,1424.23,31
OI-00625,ORD-00289,P033,1,2299,2299,206.91,2092.09,1356.41,1356.41,31
OI-00626,ORD-00289,P051,1,449,449,4.49,444.51,245.15,245.15,16
OI-00627,ORD-00290,P003,1,4999,4999,799.84,4199.16,4209.16,4209.16,42
OI-00628,ORD-00290,P060,1,649,649,19.47,629.53,362.79,362.79,16
OI-00629,ORD-00291,P003,1,4999,4999,724.85,4274.15,4209.16,4209.16,42
OI-00630,ORD-00291,P020,1,1899,1899,279.15,1619.85,979.88,979.88,24
OI-00631,ORD-00292,P051,1,449,449,17.96,431.04,245.15,245.15,16
OI-00632,ORD-00292,P011,1,1299,1299,168.87,1130.13,982.04,982.04,42
OI-00633,ORD-00293,P015,1,1399,1399,128.71,1270.29,705.1,705.1,24
OI-00634,ORD-00293,P011,1,1299,1299,155.88,1143.12,982.04,982.04,42
OI-00635,ORD-00294,P003,2,4999,9998,1349.73,8648.27,4209.16,8418.32,84
OI-00636,ORD-00294,P054,1,299,299,10.47,288.53,159.37,159.37,16
OI-00637,ORD-00294,P007,1,2199,2199,362.84,1836.16,1662.44,1662.44,42
OI-00638,ORD-00295,P004,1,4999,4999,699.86,4299.14,4239.15,4239.15,42
OI-00639,ORD-00295,P018,1,1899,1899,231.68,1667.32,934.31,934.31,24
OI-00640,ORD-00296,P039,1,1199,1199,38.37,1160.63,541.35,541.35,19
OI-00641,ORD-00296,P050,1,649,649,32.45,616.55,345.92,345.92,16
OI-00642,ORD-00297,P014,1,1899,1899,260.16,1638.84,934.31,934.31,24
OI-00643,ORD-00297,P041,1,899,899,69.22,829.78,386.57,386.57,19
OI-00644,ORD-00298,P006,1,3499,3499,454.87,3044.13,2582.26,2582.26,42
OI-00645,ORD-00298,P039,1,1199,1199,98.32,1100.68,541.35,541.35,19
OI-00646,ORD-00299,P015,1,1399,1399,170.68,1228.32,705.1,705.1,24
OI-00647,ORD-00299,P045,1,599,599,49.12,549.88,257.57,257.57,19
OI-00648,ORD-00300,P010,1,2199,2199,406.81,1792.19,1622.86,1622.86,42
OI-00649,ORD-00300,P002,2,2199,4398,681.69,3716.31,1838.36,3676.72,84
OI-00650,ORD-00300,P050,1,649,649,35.7,613.3,345.92,345.92,16
OI-00651,ORD-00301,P042,1,899,899,55.74,843.26,396.23,396.23,19
OI-00652,ORD-00301,P045,2,599,1198,98.24,1099.76,257.57,515.14,38
OI-00653,ORD-00302,P042,1,899,899,37.76,861.24,396.23,396.23,19
OI-00654,ORD-00302,P046,1,599,599,25.16,573.84,264.01,264.01,19
OI-00655,ORD-00303,P041,2,899,1798,102.49,1695.51,386.57,773.14,38
OI-00656,ORD-00303,P041,1,899,899,51.24,847.76,386.57,386.57,19
OI-00657,ORD-00304,P008,1,3499,3499,489.86,3009.14,2708.23,2708.23,42
OI-00658,ORD-00304,P044,2,1199,2398,148.68,2249.32,554.24,1108.48,38
OI-00659,ORD-00305,P047,1,349,349,28.62,320.38,157.57,157.57,19
OI-00660,ORD-00305,P027,1,849,849,76.41,772.59,525.96,525.96,31
OI-00661,ORD-00306,P023,1,999,999,156.84,842.16,503.5,503.5,24
OI-00662,ORD-00306,P028,2,1299,2598,272.79,2325.21,823.89,1647.78,62
OI-00663,ORD-00306,P006,1,3499,3499,612.32,2886.68,2582.26,2582.26,42
OI-00664,ORD-00307,P040,1,1199,1199,98.32,1100.68,554.24,554.24,19
OI-00665,ORD-00307,P048,1,1199,1199,86.33,1112.67,554.24,554.24,19
OI-00666,ORD-00308,P044,1,1199,1199,62.35,1136.65,554.24,554.24,19
OI-00667,ORD-00308,P047,1,349,349,25.13,323.87,157.57,157.57,19
OI-00668,ORD-00309,P018,1,1899,1899,298.14,1600.86,934.31,934.31,24
OI-00669,ORD-00309,P011,1,1299,1299,240.31,1058.69,982.04,982.04,42
OI-00670,ORD-00310,P055,1,449,449,4.49,444.51,245.15,245.15,16
OI-00671,ORD-00310,P024,2,999,1998,243.76,1754.24,515.48,1030.96,48
OI-00672,ORD-00311,P057,2,649,1298,77.88,1220.12,337.48,674.96,32
OI-00673,ORD-00311,P032,1,549,549,71.37,477.63,348.2,348.2,31
OI-00674,ORD-00312,P055,1,449,449,33.68,415.32,245.15,245.15,16
OI-00675,ORD-00312,P004,2,4999,9998,1449.71,8548.29,4239.15,8478.3,84
OI-00676,ORD-00312,P050,1,649,649,55.17,593.83,345.92,345.92,16
OI-00677,ORD-00313,P046,2,599,1198,86.26,1111.74,264.01,528.02,38
OI-00678,ORD-00313,P004,1,4999,4999,549.89,4449.11,4239.15,4239.15,42
OI-00679,ORD-00314,P047,1,349,349,21.64,327.36,157.57,157.57,19
OI-00680,ORD-00314,P040,1,1199,1199,86.33,1112.67,554.24,554.24,19
OI-00681,ORD-00315,P003,1,4999,4999,824.84,4174.16,4209.16,4209.16,42
OI-00682,ORD-00315,P035,1,1299,1299,162.38,1136.62,804.73,804.73,31
OI-00683,ORD-00316,P040,1,1199,1199,98.32,1100.68,554.24,554.24,19
OI-00684,ORD-00316,P008,1,3499,3499,524.85,2974.15,2708.23,2708.23,42
OI-00685,ORD-00317,P005,2,1299,2598,415.68,2182.32,1109.35,2218.7,84
OI-00686,ORD-00317,P017,1,1899,1899,193.7,1705.3,911.52,911.52,24
OI-00687,ORD-00318,P051,1,449,449,29.19,419.81,245.15,245.15,16
OI-00688,ORD-00318,P011,1,1299,1299,175.37,1123.63,982.04,982.04,42
OI-00689,ORD-00318,P004,1,4999,4999,824.84,4174.16,4239.15,4239.15,42
OI-00690,ORD-00319,P004,1,4999,4999,699.86,4299.14,4239.15,4239.15,42
OI-00691,ORD-00319,P027,1,849,849,76.41,772.59,525.96,525.96,31
OI-00692,ORD-00320,P020,1,1899,1899,212.69,1686.31,979.88,979.88,24
OI-00693,ORD-00320,P026,1,549,549,71.37,477.63,332.01,332.01,31
OI-00694,ORD-00321,P053,2,299,598,44.85,553.15,155.48,310.96,32
OI-00695,ORD-00321,P043,1,1199,1199,104.31,1094.69,541.35,541.35,19
OI-00696,ORD-00322,P026,1,549,549,49.41,499.59,332.01,332.01,31
OI-00697,ORD-00322,P042,1,899,899,37.76,861.24,396.23,396.23,19
OI-00698,ORD-00323,P050,1,649,649,32.45,616.55,345.92,345.92,16
OI-00699,ORD-00323,P042,1,899,899,46.75,852.25,396.23,396.23,19
OI-00700,ORD-00324,P024,1,999,999,126.87,872.13,515.48,515.48,24
OI-00701,ORD-00324,P055,2,449,898,76.33,821.67,245.15,490.3,32
OI-00702,ORD-00324,P025,2,2299,4598,666.71,3931.29,1356.41,2712.82,62
OI-00703,ORD-00325,P050,1,649,649,32.45,616.55,345.92,345.92,16
OI-00704,ORD-00325,P029,1,849,849,110.37,738.63,500.91,500.91,31
OI-00705,ORD-00326,P054,1,299,299,17.94,281.06,159.37,159.37,16
OI-00706,ORD-00326,P002,1,2199,2199,263.88,1935.12,1838.36,1838.36,42
OI-00707,ORD-00327,P006,1,3499,3499,647.31,2851.69,2582.26,2582.26,42
OI-00708,ORD-00327,P035,1,1299,1299,188.35,1110.65,804.73,804.73,31
OI-00709,ORD-00328,P033,1,2299,2299,275.88,2023.12,1356.41,1356.41,31
OI-00710,ORD-00328,P056,1,449,449,22.45,426.55,250.99,250.99,16
OI-00711,ORD-00329,P010,1,2199,2199,307.86,1891.14,1622.86,1622.86,42
OI-00712,ORD-00329,P055,1,449,449,22.45,426.55,245.15,245.15,16
OI-00713,ORD-00330,P045,1,599,599,19.17,579.83,257.57,257.57,19
OI-00714,ORD-00330,P005,1,1299,1299,194.85,1104.15,1109.35,1109.35,42
OI-00715,ORD-00330,P053,1,299,299,2.99,296.01,155.48,155.48,16
OI-00716,ORD-00331,P048,1,1199,1199,62.35,1136.65,554.24,554.24,19
OI-00717,ORD-00331,P058,2,649,1298,77.88,1220.12,345.92,691.84,32
OI-00718,ORD-00332,P037,1,349,349,19.89,329.11,150.07,150.07,19
OI-00719,ORD-00332,P039,1,1199,1199,104.31,1094.69,541.35,541.35,19
OI-00720,ORD-00333,P060,1,649,649,25.96,623.04,362.79,362.79,16
OI-00721,ORD-00333,P030,1,849,849,67.92,781.08,513.43,513.43,31
OI-00722,ORD-00334,P055,1,449,449,8.98,440.02,245.15,245.15,16
OI-00723,ORD-00334,P008,1,3499,3499,419.88,3079.12,2708.23,2708.23,42
OI-00724,ORD-00335,P003,1,4999,4999,824.84,4174.16,4209.16,4209.16,42
OI-00725,ORD-00335,P057,1,649,649,35.7,613.3,337.48,337.48,16
OI-00726,ORD-00336,P044,1,1199,1199,46.76,1152.24,554.24,554.24,19
OI-00727,ORD-00336,P008,1,3499,3499,734.79,2764.21,2708.23,2708.23,42
OI-00728,ORD-00336,P016,1,1399,1399,173.48,1225.52,721.88,721.88,24
OI-00729,ORD-00337,P026,1,549,549,71.37,477.63,332.01,332.01,31
OI-00730,ORD-00337,P049,1,649,649,9.74,639.26,337.48,337.48,16
OI-00731,ORD-00338,P053,1,299,299,11.96,287.04,155.48,155.48,16
OI-00732,ORD-00338,P017,1,1899,1899,339.92,1559.08,911.52,911.52,24
OI-00733,ORD-00339,P001,1,3499,3499,664.81,2834.19,2904.17,2904.17,42
OI-00734,ORD-00339,P026,2,549,1098,131.76,966.24,332.01,664.02,62
OI-00735,ORD-00340,P039,2,1199,2398,165.46,2232.54,541.35,1082.7,38
OI-00736,ORD-00340,P006,1,3499,3499,594.83,2904.17,2582.26,2582.26,42
OI-00737,ORD-00341,P022,1,699,699,118.13,580.87,343.91,343.91,24
OI-00738,ORD-00341,P006,1,3499,3499,647.31,2851.69,2582.26,2582.26,42
OI-00739,ORD-00342,P017,1,1899,1899,292.45,1606.55,911.52,911.52,24
OI-00740,ORD-00342,P010,1,2199,2199,351.84,1847.16,1622.86,1622.86,42
OI-00741,ORD-00342,P009,1,3499,3499,664.81,2834.19,2519.28,2519.28,42
OI-00742,ORD-00343,P050,2,649,1298,32.45,1265.55,345.92,691.84,32
OI-00743,ORD-00343,P049,2,649,1298,32.45,1265.55,337.48,674.96,32
OI-00744,ORD-00344,P039,1,1199,1199,136.69,1062.31,541.35,541.35,19
OI-00745,ORD-00344,P001,1,3499,3499,822.26,2676.74,2904.17,2904.17,42
OI-00746,ORD-00345,P020,1,1899,1899,216.49,1682.51,979.88,979.88,24
OI-00747,ORD-00345,P035,1,1299,1299,194.85,1104.15,804.73,804.73,31
OI-00748,ORD-00346,P029,1,849,849,110.37,738.63,500.91,500.91,31
OI-00749,ORD-00346,P039,1,1199,1199,94.72,1104.28,541.35,541.35,19
OI-00750,ORD-00347,P047,1,349,349,29.32,319.68,157.57,157.57,19
OI-00751,ORD-00347,P015,1,1399,1399,222.44,1176.56,705.1,705.1,24
OI-00752,ORD-00348,P032,1,549,549,82.35,466.65,348.2,348.2,31
OI-00753,ORD-00348,P011,1,1299,1299,246.81,1052.19,982.04,982.04,42
OI-00754,ORD-00348,P046,1,599,599,29.35,569.65,264.01,264.01,19
OI-00755,ORD-00349,P008,1,3499,3499,699.8,2799.2,2708.23,2708.23,42
OI-00756,ORD-00349,P025,1,2299,2299,298.87,2000.13,1356.41,1356.41,31
OI-00757,ORD-00350,P055,1,449,449,31.43,417.57,245.15,245.15,16
OI-00758,ORD-00350,P005,1,1299,1299,253.3,1045.7,1109.35,1109.35,42
OI-00759,ORD-00351,P034,1,849,849,135.84,713.16,513.43,513.43,31
OI-00760,ORD-00351,P005,1,1299,1299,220.83,1078.17,1109.35,1109.35,42
OI-00761,ORD-00352,P007,1,2199,2199,395.82,1803.18,1662.44,1662.44,42
OI-00762,ORD-00352,P041,1,899,899,53.04,845.96,386.57,386.57,19
OI-00763,ORD-00353,P007,1,2199,2199,472.78,1726.22,1662.44,1662.44,42
OI-00764,ORD-00353,P013,2,999,1998,297.7,1700.3,479.52,959.04,48
OI-00765,ORD-00354,P014,1,1899,1899,235.48,1663.52,934.31,934.31,24
OI-00766,ORD-00354,P028,1,1299,1299,142.89,1156.11,823.89,823.89,31
OI-00767,ORD-00354,P007,1,2199,2199,417.81,1781.19,1662.44,1662.44,42
OI-00768,ORD-00355,P039,1,1199,1199,106.71,1092.29,541.35,541.35,19
OI-00769,ORD-00355,P029,2,849,1698,186.78,1511.22,500.91,1001.82,62
OI-00770,ORD-00356,P037,1,349,349,22.34,326.66,150.07,150.07,19
OI-00771,ORD-00356,P014,1,1899,1899,263.96,1635.04,934.31,934.31,24
OI-00772,ORD-00357,P031,1,2299,2299,252.89,2046.11,1424.23,1424.23,31
OI-00773,ORD-00357,P003,2,4999,9998,1599.68,8398.32,4209.16,8418.32,84
OI-00774,ORD-00358,P035,1,1299,1299,207.84,1091.16,804.73,804.73,31
OI-00775,ORD-00358,P045,1,599,599,41.33,557.67,257.57,257.57,19
OI-00776,ORD-00359,P041,1,899,899,57.54,841.46,386.57,386.57,19
OI-00777,ORD-00359,P006,2,3499,6998,1504.57,5493.43,2582.26,5164.52,84
OI-00778,ORD-00360,P028,1,1299,1299,207.84,1091.16,823.89,823.89,31
OI-00779,ORD-00360,P016,1,1399,1399,187.47,1211.53,721.88,721.88,24
OI-00780,ORD-00360,P003,1,4999,4999,999.8,3999.2,4209.16,4209.16,42
OI-00781,ORD-00361,P001,2,3499,6998,1259.64,5738.36,2904.17,5808.34,84
OI-00782,ORD-00361,P035,1,1299,1299,168.87,1130.13,804.73,804.73,31
OI-00783,ORD-00362,P017,2,1899,3798,565.9,3232.1,911.52,1823.04,48
OI-00784,ORD-00362,P012,1,1299,1299,266.29,1032.71,1005.43,1005.43,42
OI-00785,ORD-00363,P009,1,3499,3499,664.81,2834.19,2519.28,2519.28,42
OI-00786,ORD-00363,P002,1,2199,2199,461.79,1737.21,1838.36,1838.36,42
OI-00787,ORD-00364,P020,1,1899,1899,292.45,1606.55,979.88,979.88,24
OI-00788,ORD-00364,P055,2,449,898,22.45,875.55,245.15,490.3,32
OI-00789,ORD-00365,P026,1,549,549,74.12,474.88,332.01,332.01,31
OI-00790,ORD-00365,P007,1,2199,2199,494.77,1704.23,1662.44,1662.44,42
OI-00791,ORD-00366,P012,1,1299,1299,233.82,1065.18,1005.43,1005.43,42
OI-00792,ORD-00366,P036,1,1299,1299,168.87,1130.13,823.89,823.89,31
OI-00793,ORD-00366,P041,2,899,1798,124.06,1673.94,386.57,773.14,38
OI-00794,ORD-00367,P027,1,849,849,135.84,713.16,525.96,525.96,31
OI-00795,ORD-00367,P038,2,599,1198,70.68,1127.32,264.01,528.02,38
OI-00796,ORD-00368,P022,1,699,699,97.16,601.84,343.91,343.91,24
OI-00797,ORD-00368,P060,1,649,649,32.45,616.55,362.79,362.79,16
OI-00798,ORD-00369,P010,1,2199,2199,395.82,1803.18,1622.86,1622.86,42
OI-00799,ORD-00369,P033,1,2299,2299,321.86,1977.14,1356.41,1356.41,31
OI-00800,ORD-00370,P010,2,2199,4398,835.62,3562.38,1622.86,3245.72,84
OI-00801,ORD-00370,P032,1,549,549,65.88,483.12,348.2,348.2,31
OI-00802,ORD-00371,P042,1,899,899,53.04,845.96,396.23,396.23,19
OI-00803,ORD-00371,P025,1,2299,2299,275.88,2023.12,1356.41,1356.41,31
OI-00804,ORD-00372,P027,1,849,849,101.88,747.12,525.96,525.96,31
OI-00805,ORD-00372,P036,2,1299,2598,415.68,2182.32,823.89,1647.78,62
OI-00806,ORD-00372,P052,1,199,199,12.94,186.06,111.24,111.24,16
OI-00807,ORD-00373,P037,1,349,349,25.83,323.17,150.07,150.07,19
OI-00808,ORD-00373,P051,1,449,449,35.92,413.08,245.15,245.15,16
OI-00809,ORD-00374,P045,1,599,599,35.34,563.66,257.57,257.57,19
OI-00810,ORD-00374,P039,1,1199,1199,106.71,1092.29,541.35,541.35,19
OI-00811,ORD-00375,P053,2,299,598,38.87,559.13,155.48,310.96,32
OI-00812,ORD-00375,P033,1,2299,2299,298.87,2000.13,1356.41,1356.41,31
OI-00813,ORD-00376,P001,1,3499,3499,647.31,2851.69,2904.17,2904.17,42
OI-00814,ORD-00376,P006,1,3499,3499,717.29,2781.71,2582.26,2582.26,42
OI-00815,ORD-00377,P045,1,599,599,23.36,575.64,257.57,257.57,19
OI-00816,ORD-00377,P047,1,349,349,13.61,335.39,157.57,157.57,19
OI-00817,ORD-00378,P041,1,899,899,53.04,845.96,386.57,386.57,19
OI-00818,ORD-00378,P003,2,4999,9998,1899.62,8098.38,4209.16,8418.32,84
OI-00819,ORD-00378,P002,2,2199,4398,923.58,3474.42,1838.36,3676.72,84
OI-00820,ORD-00379,P048,1,1199,1199,112.71,1086.29,554.24,554.24,19
OI-00821,ORD-00379,P035,1,1299,1299,201.34,1097.66,804.73,804.73,31
OI-00822,ORD-00380,P019,1,1399,1399,201.46,1197.54,705.1,705.1,24
OI-00823,ORD-00380,P060,1,649,649,29.21,619.79,362.79,362.79,16
OI-00824,ORD-00381,P006,1,3499,3499,699.8,2799.2,2582.26,2582.26,42
OI-00825,ORD-00381,P050,1,649,649,9.74,639.26,345.92,345.92,16
OI-00826,ORD-00382,P044,2,1199,2398,249.39,2148.61,554.24,1108.48,38
OI-00827,ORD-00382,P020,1,1899,1899,263.96,1635.04,979.88,979.88,24
OI-00828,ORD-00383,P057,1,649,649,35.7,613.3,337.48,337.48,16
OI-00829,ORD-00383,P014,2,1899,3798,470.95,3327.05,934.31,1868.62,48
OI-00830,ORD-00384,P037,2,349,698,62.12,635.88,150.07,300.14,38
OI-00831,ORD-00384,P051,1,449,449,20.21,428.79,245.15,245.15,16
OI-00832,ORD-00384,P023,1,999,999,123.88,875.12,503.5,503.5,24
OI-00833,ORD-00385,P029,1,849,849,148.57,700.43,500.91,500.91,31
OI-00834,ORD-00385,P051,1,449,449,26.94,422.06,245.15,245.15,16
OI-00835,ORD-00386,P036,1,1299,1299,207.84,1091.16,823.89,823.89,31
OI-00836,ORD-00386,P046,1,599,599,47.32,551.68,264.01,264.01,19
OI-00837,ORD-00387,P048,1,1199,1199,94.72,1104.28,554.24,554.24,19
OI-00838,ORD-00387,P042,2,899,1798,106.08,1691.92,396.23,792.46,38
OI-00839,ORD-00388,P028,1,1299,1299,240.31,1058.69,823.89,823.89,31
OI-00840,ORD-00388,P056,1,449,449,35.92,413.08,250.99,250.99,16
OI-00841,ORD-00389,P008,1,3499,3499,734.79,2764.21,2708.23,2708.23,42
OI-00842,ORD-00389,P053,2,299,598,38.87,559.13,155.48,310.96,32
OI-00843,ORD-00390,P031,1,2299,2299,252.89,2046.11,1424.23,1424.23,31
OI-00844,ORD-00390,P008,1,3499,3499,664.81,2834.19,2708.23,2708.23,42
OI-00845,ORD-00390,P031,1,2299,2299,321.86,1977.14,1424.23,1424.23,31
OI-00846,ORD-00391,P008,1,3499,3499,647.31,2851.69,2708.23,2708.23,42
OI-00847,ORD-00391,P015,1,1399,1399,222.44,1176.56,705.1,705.1,24
OI-00848,ORD-00392,P007,1,2199,2199,439.8,1759.2,1662.44,1662.44,42
OI-00849,ORD-00392,P034,1,849,849,110.37,738.63,513.43,513.43,31
OI-00850,ORD-00393,P034,2,849,1698,220.74,1477.26,513.43,1026.86,62
OI-00851,ORD-00393,P045,2,599,1198,82.66,1115.34,257.57,515.14,38
OI-00852,ORD-00394,P041,1,899,899,102.49,796.51,386.57,386.57,19
OI-00853,ORD-00394,P049,1,649,649,58.41,590.59,337.48,337.48,16
OI-00854,ORD-00395,P034,1,849,849,101.88,747.12,513.43,513.43,31
OI-00855,ORD-00395,P029,1,849,849,135.84,713.16,500.91,500.91,31
OI-00856,ORD-00396,P055,2,449,898,40.41,857.59,245.15,490.3,32
OI-00857,ORD-00396,P031,1,2299,2299,321.86,1977.14,1424.23,1424.23,31
OI-00858,ORD-00396,P036,1,1299,1299,155.88,1143.12,823.89,823.89,31
OI-00859,ORD-00397,P040,1,1199,1199,136.69,1062.31,554.24,554.24,19
OI-00860,ORD-00397,P008,1,3499,3499,717.29,2781.71,2708.23,2708.23,42
OI-00861,ORD-00398,P006,1,3499,3499,594.83,2904.17,2582.26,2582.26,42
OI-00862,ORD-00398,P001,1,3499,3499,594.83,2904.17,2904.17,2904.17,42
OI-00863,ORD-00399,P032,1,549,549,82.35,466.65,348.2,348.2,31
OI-00864,ORD-00399,P009,1,3499,3499,699.8,2799.2,2519.28,2519.28,42
OI-00865,ORD-00400,P034,2,849,1698,229.23,1468.77,513.43,1026.86,62
OI-00866,ORD-00400,P060,1,649,649,32.45,616.55,362.79,362.79,16
OI-00867,ORD-00401,P032,1,549,549,76.86,472.14,348.2,348.2,31
OI-00868,ORD-00401,P015,2,1399,2798,402.91,2395.09,705.1,1410.2,48
OI-00869,ORD-00402,P009,1,3499,3499,699.8,2799.2,2519.28,2519.28,42
OI-00870,ORD-00402,P033,1,2299,2299,344.85,1954.15,1356.41,1356.41,31
OI-00871,ORD-00402,P015,1,1399,1399,215.45,1183.55,705.1,705.1,24
OI-00872,ORD-00403,P060,1,649,649,32.45,616.55,362.79,362.79,16
OI-00873,ORD-00403,P055,2,449,898,53.88,844.12,245.15,490.3,32
OI-00874,ORD-00404,P021,1,999,999,103.9,895.1,479.52,479.52,24
OI-00875,ORD-00404,P014,1,1899,1899,292.45,1606.55,934.31,934.31,24
OI-00876,ORD-00405,P046,1,599,599,29.35,569.65,264.01,264.01,19
OI-00877,ORD-00405,P020,1,1899,1899,235.48,1663.52,979.88,979.88,24
OI-00878,ORD-00406,P051,2,449,898,53.88,844.12,245.15,490.3,32
OI-00879,ORD-00406,P003,1,4999,4999,1074.79,3924.21,4209.16,4209.16,42
OI-00880,ORD-00407,P029,1,849,849,93.39,755.61,500.91,500.91,31
OI-00881,ORD-00407,P057,2,649,1298,45.43,1252.57,337.48,674.96,32
OI-00882,ORD-00408,P022,1,699,699,79.69,619.31,343.91,343.91,24
OI-00883,ORD-00408,P042,1,899,899,71.02,827.98,396.23,396.23,19
OI-00884,ORD-00408,P024,1,999,999,113.89,885.11,515.48,515.48,24
OI-00885,ORD-00409,P059,1,449,449,26.94,422.06,245.15,245.15,16
OI-00886,ORD-00409,P030,1,849,849,140.09,708.91,513.43,513.43,31
OI-00887,ORD-00410,P026,1,549,549,65.88,483.12,332.01,332.01,31
OI-00888,ORD-00410,P031,2,2299,4598,735.68,3862.32,1424.23,2848.46,62
OI-00889,ORD-00411,P047,1,349,349,13.61,335.39,157.57,157.57,19
OI-00890,ORD-00411,P055,1,449,449,29.19,419.81,245.15,245.15,16
OI-00891,ORD-00412,P027,1,849,849,135.84,713.16,525.96,525.96,31
OI-00892,ORD-00412,P001,2,3499,6998,1399.6,5598.4,2904.17,5808.34,84
OI-00893,ORD-00413,P056,2,449,898,31.43,866.57,250.99,501.98,32
OI-00894,ORD-00413,P012,1,1299,1299,272.79,1026.21,1005.43,1005.43,42
OI-00895,ORD-00414,P005,1,1299,1299,240.31,1058.69,1109.35,1109.35,42
OI-00896,ORD-00414,P043,1,1199,1199,124.7,1074.3,541.35,541.35,19
OI-00897,ORD-00414,P043,1,1199,1199,88.73,1110.27,541.35,541.35,19
OI-00898,ORD-00415,P042,1,899,899,80.01,818.99,396.23,396.23,19
OI-00899,ORD-00415,P049,1,649,649,9.74,639.26,337.48,337.48,16
OI-00900,ORD-00416,P026,1,549,549,65.88,483.12,332.01,332.01,31
OI-00901,ORD-00416,P003,1,4999,4999,849.83,4149.17,4209.16,4209.16,42
OI-00902,ORD-00417,P022,2,699,1398,208.3,1189.7,343.91,687.82,48
OI-00903,ORD-00417,P011,1,1299,1299,253.3,1045.7,982.04,982.04,42
OI-00904,ORD-00418,P042,2,899,1798,142.04,1655.96,396.23,792.46,38
OI-00905,ORD-00418,P051,1,449,449,6.74,442.26,245.15,245.15,16
OI-00906,ORD-00419,P033,1,2299,2299,252.89,2046.11,1356.41,1356.41,31
OI-00907,ORD-00419,P005,1,1299,1299,220.83,1078.17,1109.35,1109.35,42
OI-00908,ORD-00420,P044,1,1199,1199,88.73,1110.27,554.24,554.24,19
OI-00909,ORD-00420,P040,2,1199,2398,273.37,2124.63,554.24,1108.48,38
OI-00910,ORD-00420,P019,1,1399,1399,222.44,1176.56,705.1,705.1,24
OI-00911,ORD-00421,P018,1,1899,1899,235.48,1663.52,934.31,934.31,24
OI-00912,ORD-00421,P025,1,2299,2299,321.86,1977.14,1356.41,1356.41,31
OI-00913,ORD-00422,P001,1,3499,3499,699.8,2799.2,2904.17,2904.17,42
OI-00914,ORD-00422,P050,1,649,649,29.21,619.79,345.92,345.92,16
OI-00915,ORD-00423,P047,1,349,349,29.32,319.68,157.57,157.57,19
OI-00916,ORD-00423,P009,1,3499,3499,682.3,2816.7,2519.28,2519.28,42
OI-00917,ORD-00424,P004,1,4999,4999,849.83,4149.17,4239.15,4239.15,42
OI-00918,ORD-00424,P007,1,2199,2199,417.81,1781.19,1662.44,1662.44,42
OI-00919,ORD-00425,P060,1,649,649,29.21,619.79,362.79,362.79,16
OI-00920,ORD-00425,P052,2,199,398,13.93,384.07,111.24,222.48,32
OI-00921,ORD-00426,P020,1,1899,1899,282.95,1616.05,979.88,979.88,24
OI-00922,ORD-00426,P014,1,1899,1899,339.92,1559.08,934.31,934.31,24
OI-00923,ORD-00426,P032,2,549,1098,148.23,949.77,348.2,696.4,62
OI-00924,ORD-00427,P036,1,1299,1299,142.89,1156.11,823.89,823.89,31
OI-00925,ORD-00427,P022,1,699,699,72.7,626.3,343.91,343.91,24
OI-00926,ORD-00428,P058,1,649,649,16.23,632.77,345.92,345.92,16
OI-00927,ORD-00428,P036,2,1299,2598,337.74,2260.26,823.89,1647.78,62
OI-00928,ORD-00429,P026,2,549,1098,203.13,894.87,332.01,664.02,62
OI-00929,ORD-00429,P060,1,649,649,58.41,590.59,362.79,362.79,16
OI-00930,ORD-00430,P029,1,849,849,127.35,721.65,500.91,500.91,31
OI-00931,ORD-00430,P051,1,449,449,29.19,419.81,245.15,245.15,16
OI-00932,ORD-00431,P009,1,3499,3499,629.82,2869.18,2519.28,2519.28,42
OI-00933,ORD-00431,P045,1,599,599,23.36,575.64,257.57,257.57,19
OI-00934,ORD-00432,P012,1,1299,1299,292.27,1006.73,1005.43,1005.43,42
OI-00935,ORD-00432,P016,1,1399,1399,208.45,1190.55,721.88,721.88,24
OI-00936,ORD-00432,P021,1,999,999,178.82,820.18,479.52,479.52,24
OI-00937,ORD-00433,P043,1,1199,1199,70.74,1128.26,541.35,541.35,19
OI-00938,ORD-00433,P007,2,2199,4398,879.6,3518.4,1662.44,3324.88,84
OI-00939,ORD-00434,P027,2,849,1698,220.74,1477.26,525.96,1051.92,62
OI-00940,ORD-00434,P047,1,349,349,27.57,321.43,157.57,157.57,19
OI-00941,ORD-00435,P056,1,449,449,31.43,417.57,250.99,250.99,16
OI-00942,ORD-00435,P017,1,1899,1899,339.92,1559.08,911.52,911.52,24
OI-00943,ORD-00436,P027,1,849,849,127.35,721.65,525.96,525.96,31
OI-00944,ORD-00436,P013,1,999,999,123.88,875.12,479.52,479.52,24
OI-00945,ORD-00437,P032,1,549,549,87.84,461.16,348.2,348.2,31
OI-00946,ORD-00437,P059,1,449,449,6.74,442.26,245.15,245.15,16
OI-00947,ORD-00438,P034,1,849,849,157.06,691.94,513.43,513.43,31
OI-00948,ORD-00438,P001,1,3499,3499,717.29,2781.71,2904.17,2904.17,42
OI-00949,ORD-00438,P025,1,2299,2299,402.32,1896.68,1356.41,1356.41,31
OI-00950,ORD-00439,P026,1,549,549,87.84,461.16,332.01,332.01,31
OI-00951,ORD-00439,P026,1,549,549,76.86,472.14,332.01,332.01,31
OI-00952,ORD-00440,P045,1,599,599,29.35,569.65,257.57,257.57,19
OI-00953,ORD-00440,P040,1,1199,1199,46.76,1152.24,554.24,554.24,19
OI-00954,ORD-00441,P036,1,1299,1299,227.32,1071.68,823.89,823.89,31
OI-00955,ORD-00441,P021,1,999,999,158.84,840.16,479.52,479.52,24
OI-00956,ORD-00442,P044,1,1199,1199,82.73,1116.27,554.24,554.24,19
OI-00957,ORD-00442,P049,1,649,649,9.74,639.26,337.48,337.48,16
OI-00958,ORD-00443,P008,1,3499,3499,629.82,2869.18,2708.23,2708.23,42
OI-00959,ORD-00443,P019,1,1399,1399,173.48,1225.52,705.1,705.1,24
OI-00960,ORD-00444,P012,2,1299,2598,558.57,2039.43,1005.43,2010.86,84
OI-00961,ORD-00444,P039,2,1199,2398,177.45,2220.55,541.35,1082.7,38
OI-00962,ORD-00444,P018,2,1899,3798,527.92,3270.08,934.31,1868.62,48
OI-00963,ORD-00445,P012,2,1299,2598,493.62,2104.38,1005.43,2010.86,84
OI-00964,ORD-00445,P019,1,1399,1399,173.48,1225.52,705.1,705.1,24
OI-00965,ORD-00446,P038,1,599,599,23.36,575.64,264.01,264.01,19
OI-00966,ORD-00446,P006,1,3499,3499,559.84,2939.16,2582.26,2582.26,42
OI-00967,ORD-00447,P033,1,2299,2299,356.34,1942.66,1356.41,1356.41,31
OI-00968,ORD-00447,P009,1,3499,3499,647.31,2851.69,2519.28,2519.28,42
OI-00969,ORD-00448,P042,1,899,899,53.04,845.96,396.23,396.23,19
OI-00970,ORD-00448,P028,1,1299,1299,155.88,1143.12,823.89,823.89,31
OI-00971,ORD-00449,P047,1,349,349,13.61,335.39,157.57,157.57,19
OI-00972,ORD-00449,P005,1,1299,1299,272.79,1026.21,1109.35,1109.35,42
OI-00973,ORD-00450,P040,1,1199,1199,100.72,1098.28,554.24,554.24,19
OI-00974,ORD-00450,P001,1,3499,3499,647.31,2851.69,2904.17,2904.17,42
OI-00975,ORD-00450,P033,1,2299,2299,425.31,1873.69,1356.41,1356.41,31
OI-00976,ORD-00451,P005,1,1299,1299,272.79,1026.21,1109.35,1109.35,42
OI-00977,ORD-00451,P037,1,349,349,13.61,335.39,150.07,150.07,19
OI-00978,ORD-00452,P043,2,1199,2398,189.44,2208.56,541.35,1082.7,38
OI-00979,ORD-00452,P023,1,999,999,133.87,865.13,503.5,503.5,24
OI-00980,ORD-00453,P033,1,2299,2299,367.84,1931.16,1356.41,1356.41,31
OI-00981,ORD-00453,P038,1,599,599,53.31,545.69,264.01,264.01,19
OI-00982,ORD-00454,P009,1,3499,3499,629.82,2869.18,2519.28,2519.28,42
OI-00983,ORD-00454,P043,2,1199,2398,117.5,2280.5,541.35,1082.7,38
OI-00984,ORD-00455,P007,1,2199,2199,428.8,1770.2,1662.44,1662.44,42
OI-00985,ORD-00455,P049,1,649,649,51.92,597.08,337.48,337.48,16
OI-00986,ORD-00456,P009,1,3499,3499,664.81,2834.19,2519.28,2519.28,42
OI-00987,ORD-00456,P015,1,1399,1399,159.49,1239.51,705.1,705.1,24
OI-00988,ORD-00456,P026,1,549,549,87.84,461.16,332.01,332.01,31
OI-00989,ORD-00457,P035,1,1299,1299,168.87,1130.13,804.73,804.73,31
OI-00990,ORD-00457,P058,1,649,649,9.74,639.26,345.92,345.92,16
OI-00991,ORD-00458,P047,1,349,349,22.34,326.66,157.57,157.57,19
OI-00992,ORD-00458,P008,1,3499,3499,822.26,2676.74,2708.23,2708.23,42
OI-00993,ORD-00459,P021,1,999,999,133.87,865.13,479.52,479.52,24
OI-00994,ORD-00459,P052,1,199,199,12.94,186.06,111.24,111.24,16
OI-00995,ORD-00460,P028,1,1299,1299,142.89,1156.11,823.89,823.89,31
OI-00996,ORD-00460,P031,1,2299,2299,321.86,1977.14,1424.23,1424.23,31
OI-00997,ORD-00461,P010,2,2199,4398,813.63,3584.37,1622.86,3245.72,84
OI-00998,ORD-00461,P010,1,2199,2199,428.8,1770.2,1622.86,1622.86,42
OI-00999,ORD-00462,P038,1,599,599,47.32,551.68,264.01,264.01,19
OI-01000,ORD-00462,P034,2,849,1698,220.74,1477.26,513.43,1026.86,62
OI-01001,ORD-00462,P036,1,1299,1299,155.88,1143.12,823.89,823.89,31
OI-01002,ORD-00463,P020,1,1899,1899,197.5,1701.5,979.88,979.88,24
OI-01003,ORD-00463,P035,2,1299,2598,415.68,2182.32,804.73,1609.46,62
OI-01004,ORD-00464,P060,1,649,649,58.41,590.59,362.79,362.79,16
OI-01005,ORD-00464,P002,1,2199,2199,494.77,1704.23,1838.36,1838.36,42
OI-01006,ORD-00465,P022,1,699,699,86.68,612.32,343.91,343.91,24
OI-01007,ORD-00465,P029,1,849,849,118.86,730.14,500.91,500.91,31
OI-01008,ORD-00466,P026,1,549,549,71.37,477.63,332.01,332.01,31
OI-01009,ORD-00466,P035,1,1299,1299,155.88,1143.12,804.73,804.73,31
OI-01010,ORD-00467,P008,1,3499,3499,787.27,2711.73,2708.23,2708.23,42
OI-01011,ORD-00467,P006,1,3499,3499,717.29,2781.71,2582.26,2582.26,42
OI-01012,ORD-00468,P039,1,1199,1199,82.73,1116.27,541.35,541.35,19
OI-01013,ORD-00468,P001,1,3499,3499,594.83,2904.17,2904.17,2904.17,42
OI-01014,ORD-00468,P002,1,2199,2199,373.83,1825.17,1838.36,1838.36,42
OI-01015,ORD-00469,P022,1,699,699,72.7,626.3,343.91,343.91,24
OI-01016,ORD-00469,P027,1,849,849,135.84,713.16,525.96,525.96,31
OI-01017,ORD-00470,P055,1,449,449,17.96,431.04,245.15,245.15,16
OI-01018,ORD-00470,P001,1,3499,3499,682.3,2816.7,2904.17,2904.17,42
OI-01019,ORD-00471,P024,1,999,999,113.89,885.11,515.48,515.48,24
OI-01020,ORD-00471,P050,1,649,649,42.19,606.81,345.92,345.92,16
OI-01021,ORD-00472,P027,1,849,849,118.86,730.14,525.96,525.96,31
OI-01022,ORD-00472,P035,1,1299,1299,142.89,1156.11,804.73,804.73,31
OI-01023,ORD-00473,P026,1,549,549,96.07,452.93,332.01,332.01,31
OI-01024,ORD-00473,P007,2,2199,4398,813.63,3584.37,1662.44,3324.88,84
OI-01025,ORD-00474,P012,1,1299,1299,233.82,1065.18,1005.43,1005.43,42
OI-01026,ORD-00474,P015,1,1399,1399,187.47,1211.53,705.1,705.1,24
OI-01027,ORD-00474,P023,1,999,999,123.88,875.12,503.5,503.5,24
OI-01028,ORD-00475,P010,2,2199,4398,703.68,3694.32,1622.86,3245.72,84
OI-01029,ORD-00475,P032,1,549,549,60.39,488.61,348.2,348.2,31
OI-01030,ORD-00476,P052,1,199,199,7.96,191.04,111.24,111.24,16
OI-01031,ORD-00476,P041,1,899,899,84.51,814.49,386.57,386.57,19
OI-01032,ORD-00477,P002,1,2199,2199,439.8,1759.2,1838.36,1838.36,42
OI-01033,ORD-00477,P056,1,449,449,6.74,442.26,250.99,250.99,16
OI-01034,ORD-00478,P029,2,849,1698,203.76,1494.24,500.91,1001.82,62
OI-01035,ORD-00478,P025,1,2299,2299,275.88,2023.12,1356.41,1356.41,31
OI-01036,ORD-00479,P014,1,1899,1899,282.95,1616.05,934.31,934.31,24
OI-01037,ORD-00479,P052,1,199,199,11.94,187.06,111.24,111.24,16
OI-01038,ORD-00480,P046,1,599,599,23.36,575.64,264.01,264.01,19
OI-01039,ORD-00480,P040,1,1199,1199,106.71,1092.29,554.24,554.24,19
OI-01040,ORD-00480,P031,1,2299,2299,344.85,1954.15,1424.23,1424.23,31
OI-01041,ORD-00481,P023,1,999,999,123.88,875.12,503.5,503.5,24
OI-01042,ORD-00481,P021,1,999,999,143.86,855.14,479.52,479.52,24
OI-01043,ORD-00482,P042,1,899,899,102.49,796.51,396.23,396.23,19
OI-01044,ORD-00482,P051,1,449,449,31.43,417.57,245.15,245.15,16
OI-01045,ORD-00483,P042,1,899,899,35.06,863.94,396.23,396.23,19
OI-01046,ORD-00483,P031,2,2299,4598,597.74,4000.26,1424.23,2848.46,62
OI-01047,ORD-00484,P058,1,649,649,35.7,613.3,345.92,345.92,16
OI-01048,ORD-00484,P033,2,2299,4598,735.68,3862.32,1356.41,2712.82,62
OI-01049,ORD-00485,P048,1,1199,1199,124.7,1074.3,554.24,554.24,19
OI-01050,ORD-00485,P010,2,2199,4398,857.61,3540.39,1622.86,3245.72,84
OI-01051,ORD-00486,P039,1,1199,1199,46.76,1152.24,541.35,541.35,19
OI-01052,ORD-00486,P024,1,999,999,143.86,855.14,515.48,515.48,24
OI-01053,ORD-00486,P039,2,1199,2398,165.46,2232.54,541.35,1082.7,38
OI-01054,ORD-00487,P024,1,999,999,103.9,895.1,515.48,515.48,24
OI-01055,ORD-00487,P014,1,1899,1899,216.49,1682.51,934.31,934.31,24
OI-01056,ORD-00488,P015,1,1399,1399,236.43,1162.57,705.1,705.1,24
OI-01057,ORD-00488,P049,1,649,649,45.43,603.57,337.48,337.48,16
OI-01058,ORD-00489,P025,2,2299,4598,643.72,3954.28,1356.41,2712.82,62
OI-01059,ORD-00489,P028,2,1299,2598,311.76,2286.24,823.89,1647.78,62
OI-01060,ORD-00490,P001,1,3499,3499,629.82,2869.18,2904.17,2904.17,42
OI-01061,ORD-00490,P035,1,1299,1299,181.86,1117.14,804.73,804.73,31
OI-01062,ORD-00491,P009,1,3499,3499,717.29,2781.71,2519.28,2519.28,42
OI-01063,ORD-00491,P018,1,1899,1899,339.92,1559.08,934.31,934.31,24
OI-01064,ORD-00492,P017,1,1899,1899,273.46,1625.54,911.52,911.52,24
OI-01065,ORD-00492,P045,2,599,1198,82.66,1115.34,257.57,515.14,38
OI-01066,ORD-00492,P025,1,2299,2299,298.87,2000.13,1356.41,1356.41,31
OI-01067,ORD-00493,P055,1,449,449,15.72,433.28,245.15,245.15,16
OI-01068,ORD-00493,P036,2,1299,2598,337.74,2260.26,823.89,1647.78,62
OI-01069,ORD-00494,P028,2,1299,2598,454.65,2143.35,823.89,1647.78,62
OI-01070,ORD-00494,P015,1,1399,1399,194.46,1204.54,705.1,705.1,24
OI-01071,ORD-00495,P054,1,299,299,10.47,288.53,159.37,159.37,16
OI-01072,ORD-00495,P005,1,1299,1299,207.84,1091.16,1109.35,1109.35,42
OI-01073,ORD-00496,P039,2,1199,2398,153.47,2244.53,541.35,1082.7,38
OI-01074,ORD-00496,P039,1,1199,1199,124.7,1074.3,541.35,541.35,19
OI-01075,ORD-00497,P003,1,4999,4999,999.8,3999.2,4209.16,4209.16,42
OI-01076,ORD-00497,P010,1,2199,2199,395.82,1803.18,1622.86,1622.86,42
OI-01077,ORD-00498,P041,1,899,899,53.04,845.96,386.57,386.57,19
OI-01078,ORD-00498,P002,1,2199,2199,373.83,1825.17,1838.36,1838.36,42
OI-01079,ORD-00498,P010,1,2199,2199,439.8,1759.2,1622.86,1622.86,42
OI-01080,ORD-00499,P029,1,849,849,157.06,691.94,500.91,500.91,31
OI-01081,ORD-00499,P022,1,699,699,118.13,580.87,343.91,343.91,24
OI-01082,ORD-00500,P031,1,2299,2299,298.87,2000.13,1424.23,1424.23,31
OI-01083,ORD-00500,P043,1,1199,1199,46.76,1152.24,541.35,541.35,19
OI-01084,ORD-00501,P029,1,849,849,110.37,738.63,500.91,500.91,31
OI-01085,ORD-00501,P047,1,349,349,31.06,317.94,157.57,157.57,19
OI-01086,ORD-00502,P029,1,849,849,157.06,691.94,500.91,500.91,31
OI-01087,ORD-00502,P039,1,1199,1199,100.72,1098.28,541.35,541.35,19
OI-01088,ORD-00503,P060,2,649,1298,71.39,1226.61,362.79,725.58,32
OI-01089,ORD-00503,P022,2,699,1398,145.39,1252.61,343.91,687.82,48
OI-01090,ORD-00504,P032,1,549,549,60.39,488.61,348.2,348.2,31
OI-01091,ORD-00504,P044,1,1199,1199,82.73,1116.27,554.24,554.24,19
OI-01092,ORD-00504,P047,1,349,349,20.59,328.41,157.57,157.57,19
OI-01093,ORD-00505,P009,1,3499,3499,717.29,2781.71,2519.28,2519.28,42
OI-01094,ORD-00505,P036,1,1299,1299,214.34,1084.66,823.89,823.89,31
OI-01095,ORD-00506,P033,1,2299,2299,298.87,2000.13,1356.41,1356.41,31
OI-01096,ORD-00506,P015,1,1399,1399,159.49,1239.51,705.1,705.1,24
OI-01097,ORD-00507,P002,2,2199,4398,747.66,3650.34,1838.36,3676.72,84
OI-01098,ORD-00507,P004,1,4999,4999,799.84,4199.16,4239.15,4239.15,42
OI-01099,ORD-00508,P030,1,849,849,131.59,717.41,513.43,513.43,31
OI-01100,ORD-00508,P021,1,999,999,168.83,830.17,479.52,479.52,24
OI-01101,ORD-00509,P012,2,1299,2598,493.62,2104.38,1005.43,2010.86,84
OI-01102,ORD-00509,P025,1,2299,2299,344.85,1954.15,1356.41,1356.41,31
OI-01103,ORD-00510,P031,1,2299,2299,344.85,1954.15,1424.23,1424.23,31
OI-01104,ORD-00510,P050,1,649,649,22.72,626.28,345.92,345.92,16
OI-01105,ORD-00510,P015,1,1399,1399,159.49,1239.51,705.1,705.1,24
OI-01106,ORD-00511,P020,1,1899,1899,320.93,1578.07,979.88,979.88,24
OI-01107,ORD-00511,P009,1,3499,3499,682.3,2816.7,2519.28,2519.28,42
OI-01108,ORD-00512,P051,1,449,449,24.7,424.3,245.15,245.15,16
OI-01109,ORD-00512,P004,1,4999,4999,999.8,3999.2,4239.15,4239.15,42
OI-01110,ORD-00513,P046,1,599,599,41.33,557.67,264.01,264.01,19
OI-01111,ORD-00513,P027,1,849,849,118.86,730.14,525.96,525.96,31
OI-01112,ORD-00514,P043,2,1199,2398,249.39,2148.61,541.35,1082.7,38
OI-01113,ORD-00514,P018,2,1899,3798,565.9,3232.1,934.31,1868.62,48
OI-01114,ORD-00515,P031,1,2299,2299,275.88,2023.12,1424.23,1424.23,31
OI-01115,ORD-00515,P041,1,899,899,53.04,845.96,386.57,386.57,19
OI-01116,ORD-00516,P035,1,1299,1299,168.87,1130.13,804.73,804.73,31
OI-01117,ORD-00516,P018,1,1899,1899,235.48,1663.52,934.31,934.31,24
OI-01118,ORD-00516,P006,1,3499,3499,594.83,2904.17,2582.26,2582.26,42
OI-01119,ORD-00517,P031,1,2299,2299,356.34,1942.66,1424.23,1424.23,31
OI-01120,ORD-00517,P004,1,4999,4999,1074.79,3924.21,4239.15,4239.15,42
OI-01121,ORD-00518,P022,1,699,699,100.66,598.34,343.91,343.91,24
OI-01122,ORD-00518,P036,1,1299,1299,168.87,1130.13,823.89,823.89,31
OI-01123,ORD-00519,P019,1,1399,1399,159.49,1239.51,705.1,705.1,24
OI-01124,ORD-00519,P009,1,3499,3499,594.83,2904.17,2519.28,2519.28,42
OI-01125,ORD-00520,P039,1,1199,1199,136.69,1062.31,541.35,541.35,19
OI-01126,ORD-00520,P023,1,999,999,138.86,860.14,503.5,503.5,24
OI-01127,ORD-00521,P004,1,4999,4999,949.81,4049.19,4239.15,4239.15,42
OI-01128,ORD-00521,P018,2,1899,3798,470.95,3327.05,934.31,1868.62,48
OI-01129,ORD-00522,P039,1,1199,1199,46.76,1152.24,541.35,541.35,19
OI-01130,ORD-00522,P060,1,649,649,29.21,619.79,362.79,362.79,16
OI-01131,ORD-00522,P019,1,1399,1399,159.49,1239.51,705.1,705.1,24
OI-01132,ORD-00523,P020,1,1899,1899,320.93,1578.07,979.88,979.88,24
OI-01133,ORD-00523,P010,1,2199,2199,494.77,1704.23,1622.86,1622.86,42
OI-01134,ORD-00524,P002,1,2199,2199,351.84,1847.16,1838.36,1838.36,42
OI-01135,ORD-00524,P034,1,849,849,127.35,721.65,513.43,513.43,31
OI-01136,ORD-00525,P015,2,1399,2798,318.97,2479.03,705.1,1410.2,48
OI-01137,ORD-00525,P050,2,649,1298,19.47,1278.53,345.92,691.84,32
OI-01138,ORD-00526,P008,1,3499,3499,962.23,2536.77,2708.23,2708.23,42
OI-01139,ORD-00526,P044,1,1199,1199,109.11,1089.89,554.24,554.24,19
OI-01140,ORD-00527,P045,1,599,599,51.51,547.49,257.57,257.57,19
OI-01141,ORD-00527,P048,1,1199,1199,55.15,1143.85,554.24,554.24,19
OI-01142,ORD-00528,P037,1,349,349,16.05,332.95,150.07,150.07,19
OI-01143,ORD-00528,P024,1,999,999,165.83,833.17,515.48,515.48,24
OI-01144,ORD-00528,P034,1,849,849,135.84,713.16,513.43,513.43,31
OI-01145,ORD-00529,P023,1,999,999,190.81,808.19,503.5,503.5,24
OI-01146,ORD-00529,P037,2,349,698,49.56,648.44,150.07,300.14,38
OI-01147,ORD-00530,P031,1,2299,2299,321.86,1977.14,1424.23,1424.23,31
OI-01148,ORD-00530,P007,2,2199,4398,1099.5,3298.5,1662.44,3324.88,84
OI-01149,ORD-00531,P024,1,999,999,175.82,823.18,515.48,515.48,24
OI-01150,ORD-00531,P050,2,649,1298,64.9,1233.1,345.92,691.84,32
OI-01151,ORD-00532,P022,1,699,699,119.53,579.47,343.91,343.91,24
OI-01152,ORD-00532,P043,1,1199,1199,121.1,1077.9,541.35,541.35,19
OI-01153,ORD-00533,P015,1,1399,1399,176.27,1222.73,705.1,705.1,24
OI-01154,ORD-00533,P038,1,599,599,39.53,559.47,264.01,264.01,19
OI-01155,ORD-00534,P037,1,349,349,33.5,315.5,150.07,150.07,19
OI-01156,ORD-00534,P041,1,899,899,59.33,839.67,386.57,386.57,19
OI-01157,ORD-00534,P031,1,2299,2299,367.84,1931.16,1424.23,1424.23,31
OI-01158,ORD-00535,P055,1,449,449,38.17,410.83,245.15,245.15,16
OI-01159,ORD-00535,P010,1,2199,2199,538.75,1660.25,1622.86,1622.86,42
OI-01160,ORD-00536,P050,2,649,1298,51.92,1246.08,345.92,691.84,32
OI-01161,ORD-00536,P050,1,649,649,19.47,629.53,345.92,345.92,16
OI-01162,ORD-00537,P019,1,1399,1399,211.25,1187.75,705.1,705.1,24
OI-01163,ORD-00537,P003,1,4999,4999,1174.77,3824.23,4209.16,4209.16,42
OI-01164,ORD-00538,P055,1,449,449,31.43,417.57,245.15,245.15,16
OI-01165,ORD-00538,P035,1,1299,1299,246.81,1052.19,804.73,804.73,31
OI-01166,ORD-00539,P022,1,699,699,102.05,596.95,343.91,343.91,24
OI-01167,ORD-00539,P010,1,2199,2199,483.78,1715.22,1622.86,1622.86,42
OI-01168,ORD-00540,P047,1,349,349,42.23,306.77,157.57,157.57,19
OI-01169,ORD-00540,P045,1,599,599,48.52,550.48,257.57,257.57,19
OI-01170,ORD-00540,P050,1,649,649,48.67,600.33,345.92,345.92,16
OI-01171,ORD-00541,P040,1,1199,1199,115.1,1083.9,554.24,554.24,19
OI-01172,ORD-00541,P004,1,4999,4999,1049.79,3949.21,4239.15,4239.15,42
OI-01173,ORD-00542,P049,2,649,1298,64.9,1233.1,337.48,674.96,32
OI-01174,ORD-00542,P006,1,3499,3499,839.76,2659.24,2582.26,2582.26,42
OI-01175,ORD-00543,P013,1,999,999,150.85,848.15,479.52,479.52,24
OI-01176,ORD-00543,P003,1,4999,4999,1174.77,3824.23,4209.16,4209.16,42
OI-01177,ORD-00544,P003,1,4999,4999,1199.76,3799.24,4209.16,4209.16,42
OI-01178,ORD-00544,P058,1,649,649,32.45,616.55,345.92,345.92,16
OI-01179,ORD-00545,P021,1,999,999,135.86,863.14,479.52,479.52,24
OI-01180,ORD-00545,P017,2,1899,3798,554.51,3243.49,911.52,1823.04,48
OI-01181,ORD-00546,P048,1,1199,1199,97.12,1101.88,554.24,554.24,19
OI-01182,ORD-00546,P014,1,1899,1899,343.72,1555.28,934.31,934.31,24
OI-01183,ORD-00546,P040,1,1199,1199,145.08,1053.92,554.24,554.24,19
OI-01184,ORD-00547,P044,2,1199,2398,158.27,2239.73,554.24,1108.48,38
OI-01185,ORD-00547,P016,2,1399,2798,408.51,2389.49,721.88,1443.76,48
OI-01186,ORD-00548,P050,1,649,649,25.96,623.04,345.92,345.92,16
OI-01187,ORD-00548,P032,1,549,549,104.31,444.69,348.2,348.2,31
OI-01188,ORD-00549,P010,1,2199,2199,538.75,1660.25,1622.86,1622.86,42
OI-01189,ORD-00549,P014,1,1899,1899,305.74,1593.26,934.31,934.31,24
OI-01190,ORD-00550,P043,1,1199,1199,67.14,1131.86,541.35,541.35,19
OI-01191,ORD-00550,P018,1,1899,1899,315.23,1583.77,934.31,934.31,24
OI-01192,ORD-00551,P044,2,1199,2398,206.23,2191.77,554.24,1108.48,38
OI-01193,ORD-00551,P001,2,3499,6998,1539.56,5458.44,2904.17,5808.34,84
OI-01194,ORD-00552,P005,1,1299,1299,331.25,967.75,1109.35,1109.35,42
OI-01195,ORD-00552,P012,1,1299,1299,331.25,967.75,1005.43,1005.43,42
OI-01196,ORD-00552,P053,1,299,299,19.44,279.56,155.48,155.48,16
OI-01197,ORD-00553,P039,2,1199,2398,182.25,2215.75,541.35,1082.7,38
OI-01198,ORD-00553,P044,1,1199,1199,91.12,1107.88,554.24,554.24,19
OI-01199,ORD-00554,P059,2,449,898,26.94,871.06,245.15,490.3,32
OI-01200,ORD-00554,P009,1,3499,3499,804.77,2694.23,2519.28,2519.28,42
OI-01201,ORD-00555,P014,1,1899,1899,362.71,1536.29,934.31,934.31,24
OI-01202,ORD-00555,P050,1,649,649,35.7,613.3,345.92,345.92,16
OI-01203,ORD-00556,P022,2,699,1398,246.05,1151.95,343.91,687.82,48
OI-01204,ORD-00556,P025,2,2299,4598,689.7,3908.3,1356.41,2712.82,62
OI-01205,ORD-00557,P037,2,349,698,53.05,644.95,150.07,300.14,38
OI-01206,ORD-00557,P002,1,2199,2199,571.74,1627.26,1838.36,1838.36,42
OI-01207,ORD-00558,P056,1,449,449,29.19,419.81,250.99,250.99,16
OI-01208,ORD-00558,P031,1,2299,2299,471.29,1827.71,1424.23,1424.23,31
OI-01209,ORD-00558,P010,1,2199,2199,626.72,1572.28,1622.86,1622.86,42
OI-01210,ORD-00559,P038,1,599,599,57.5,541.5,264.01,264.01,19
OI-01211,ORD-00559,P045,1,599,599,51.51,547.49,257.57,257.57,19
OI-01212,ORD-00560,P027,2,849,1698,305.64,1392.36,525.96,1051.92,62
OI-01213,ORD-00560,P005,1,1299,1299,285.78,1013.22,1109.35,1109.35,42
OI-01214,ORD-00561,P017,2,1899,3798,611.48,3186.52,911.52,1823.04,48
OI-01215,ORD-00561,P042,1,899,899,90.8,808.2,396.23,396.23,19
OI-01216,ORD-00562,P014,1,1899,1899,277.25,1621.75,934.31,934.31,24
OI-01217,ORD-00562,P045,1,599,599,51.51,547.49,257.57,257.57,19
OI-01218,ORD-00563,P021,2,999,1998,291.71,1706.29,479.52,959.04,48
OI-01219,ORD-00563,P019,1,1399,1399,246.22,1152.78,705.1,705.1,24
OI-01220,ORD-00564,P006,1,3499,3499,822.27,2676.73,2582.26,2582.26,42
OI-01221,ORD-00564,P023,2,999,1998,321.68,1676.32,503.5,1007,48
OI-01222,ORD-00564,P036,2,1299,2598,454.65,2143.35,823.89,1647.78,62
OI-01223,ORD-00565,P011,1,1299,1299,298.77,1000.23,982.04,982.04,42
OI-01224,ORD-00565,P053,2,299,598,17.94,580.06,155.48,310.96,32
OI-01225,ORD-00566,P039,1,1199,1199,115.1,1083.9,541.35,541.35,19
OI-01226,ORD-00566,P050,1,649,649,45.43,603.57,345.92,345.92,16
OI-01227,ORD-00567,P033,1,2299,2299,379.34,1919.66,1356.41,1356.41,31
OI-01228,ORD-00567,P055,1,449,449,42.66,406.34,245.15,245.15,16
OI-01229,ORD-00568,P052,1,199,199,9.95,189.05,111.24,111.24,16
OI-01230,ORD-00568,P009,1,3499,3499,734.79,2764.21,2519.28,2519.28,42
OI-01231,ORD-00569,P003,2,4999,9998,2599.48,7398.52,4209.16,8418.32,84
OI-01232,ORD-00569,P031,1,2299,2299,321.86,1977.14,1424.23,1424.23,31
OI-01233,ORD-00570,P053,1,299,299,16.45,282.55,155.48,155.48,16
OI-01234,ORD-00570,P042,2,899,1798,217.56,1580.44,396.23,792.46,38
OI-01235,ORD-00570,P047,1,349,349,24.78,324.22,157.57,157.57,19
OI-01236,ORD-00571,P024,2,999,1998,271.73,1726.27,515.48,1030.96,48
OI-01237,ORD-00571,P044,1,1199,1199,79.13,1119.87,554.24,554.24,19
OI-01238,ORD-00572,P048,1,1199,1199,91.12,1107.88,554.24,554.24,19
OI-01239,ORD-00572,P001,1,3499,3499,804.77,2694.23,2904.17,2904.17,42
OI-01240,ORD-00573,P018,1,1899,1899,286.75,1612.25,934.31,934.31,24
OI-01241,ORD-00573,P009,1,3499,3499,927.24,2571.76,2519.28,2519.28,42
OI-01242,ORD-00574,P004,1,4999,4999,1099.78,3899.22,4239.15,4239.15,42
OI-01243,ORD-00574,P002,1,2199,2199,505.77,1693.23,1838.36,1838.36,42
OI-01244,ORD-00575,P025,1,2299,2299,413.82,1885.18,1356.41,1356.41,31
OI-01245,ORD-00575,P057,1,649,649,12.98,636.02,337.48,337.48,16
OI-01246,ORD-00576,P003,1,4999,4999,1174.77,3824.23,4209.16,4209.16,42
OI-01247,ORD-00576,P016,1,1399,1399,281.2,1117.8,721.88,721.88,24
OI-01248,ORD-00576,P053,1,299,299,25.42,273.58,155.48,155.48,16
OI-01249,ORD-00577,P015,1,1399,1399,246.22,1152.78,705.1,705.1,24
OI-01250,ORD-00577,P011,1,1299,1299,298.77,1000.23,982.04,982.04,42
OI-01251,ORD-00578,P004,1,4999,4999,1374.73,3624.27,4239.15,4239.15,42
OI-01252,ORD-00578,P017,1,1899,1899,343.72,1555.28,911.52,911.52,24
OI-01253,ORD-00579,P008,1,3499,3499,874.75,2624.25,2708.23,2708.23,42
OI-01254,ORD-00579,P056,1,449,449,22.45,426.55,250.99,250.99,16
OI-01255,ORD-00580,P040,1,1199,1199,103.11,1095.89,554.24,554.24,19
OI-01256,ORD-00580,P010,2,2199,4398,1011.54,3386.46,1622.86,3245.72,84
OI-01257,ORD-00581,P026,1,549,549,96.07,452.93,332.01,332.01,31
OI-01258,ORD-00581,P018,2,1899,3798,649.46,3148.54,934.31,1868.62,48
OI-01259,ORD-00582,P008,1,3499,3499,909.74,2589.26,2708.23,2708.23,42
OI-01260,ORD-00582,P002,2,2199,4398,1099.5,3298.5,1838.36,3676.72,84
OI-01261,ORD-00582,P021,1,999,999,165.83,833.17,479.52,479.52,24
OI-01262,ORD-00583,P001,1,3499,3499,734.79,2764.21,2904.17,2904.17,42
OI-01263,ORD-00583,P041,1,899,899,68.32,830.68,386.57,386.57,19
OI-01264,ORD-00584,P032,1,549,549,96.07,452.93,348.2,348.2,31
OI-01265,ORD-00584,P050,1,649,649,61.66,587.34,345.92,345.92,16
OI-01266,ORD-00585,P008,1,3499,3499,909.74,2589.26,2708.23,2708.23,42
OI-01267,ORD-00585,P050,1,649,649,25.96,623.04,345.92,345.92,16
OI-01268,ORD-00586,P006,1,3499,3499,769.78,2729.22,2582.26,2582.26,42
OI-01269,ORD-00586,P006,1,3499,3499,769.78,2729.22,2582.26,2582.26,42
OI-01270,ORD-00587,P054,1,299,299,16.45,282.55,159.37,159.37,16
OI-01271,ORD-00587,P053,2,299,598,56.81,541.19,155.48,310.96,32
OI-01272,ORD-00588,P007,1,2199,2199,571.74,1627.26,1662.44,1662.44,42
OI-01273,ORD-00588,P040,1,1199,1199,115.1,1083.9,554.24,554.24,19
OI-01274,ORD-00588,P053,2,299,598,41.86,556.14,155.48,310.96,32
OI-01275,ORD-00589,P004,1,4999,4999,1299.74,3699.26,4239.15,4239.15,42
OI-01276,ORD-00589,P001,1,3499,3499,769.78,2729.22,2904.17,2904.17,42
OI-01277,ORD-00590,P047,1,349,349,24.78,324.22,157.57,157.57,19
OI-01278,ORD-00590,P049,1,649,649,42.19,606.81,337.48,337.48,16
OI-01279,ORD-00591,P041,1,899,899,86.3,812.7,386.57,386.57,19
OI-01280,ORD-00591,P029,1,849,849,127.35,721.65,500.91,500.91,31
OI-01281,ORD-00592,P018,1,1899,1899,334.22,1564.78,934.31,934.31,24
OI-01282,ORD-00592,P016,1,1399,1399,232.23,1166.77,721.88,721.88,24
OI-01283,ORD-00593,P002,1,2199,2199,604.73,1594.27,1838.36,1838.36,42
OI-01284,ORD-00593,P022,2,699,1398,281,1117,343.91,687.82,48
OI-01285,ORD-00594,P048,2,1199,2398,110.31,2287.69,554.24,1108.48,38
OI-01286,ORD-00594,P052,2,199,398,23.88,374.12,111.24,222.48,32
OI-01287,ORD-00594,P045,2,599,1198,91.05,1106.95,257.57,515.14,38
OI-01288,ORD-00595,P044,1,1199,1199,55.15,1143.85,554.24,554.24,19
OI-01289,ORD-00595,P004,1,4999,4999,1049.79,3949.21,4239.15,4239.15,42
OI-01290,ORD-00596,P012,1,1299,1299,344.24,954.76,1005.43,1005.43,42
OI-01291,ORD-00596,P015,1,1399,1399,281.2,1117.8,705.1,705.1,24
OI-01292,ORD-00597,P012,2,1299,2598,623.52,1974.48,1005.43,2010.86,84
OI-01293,ORD-00597,P046,1,599,599,51.51,547.49,264.01,264.01,19
OI-01294,ORD-00598,P033,2,2299,4598,643.72,3954.28,1356.41,2712.82,62
OI-01295,ORD-00598,P035,2,1299,2598,363.72,2234.28,804.73,1609.46,62
OI-01296,ORD-00599,P010,1,2199,2199,516.76,1682.24,1622.86,1622.86,42
OI-01297,ORD-00599,P051,1,449,449,24.7,424.3,245.15,245.15,16
OI-01298,ORD-00600,P012,1,1299,1299,272.79,1026.21,1005.43,1005.43,42
OI-01299,ORD-00600,P051,1,449,449,26.94,422.06,245.15,245.15,16
OI-01300,ORD-00600,P040,1,1199,1199,67.14,1131.86,554.24,554.24,19
OI-01301,ORD-00601,P020,1,1899,1899,258.26,1640.74,979.88,979.88,24
OI-01302,ORD-00601,P025,1,2299,2299,367.84,1931.16,1356.41,1356.41,31
OI-01303,ORD-00602,P035,2,1299,2598,428.67,2169.33,804.73,1609.46,62
OI-01304,ORD-00602,P016,2,1399,2798,506.44,2291.56,721.88,1443.76,48
OI-01305,ORD-00603,P039,2,1199,2398,230.21,2167.79,541.35,1082.7,38
OI-01306,ORD-00603,P053,2,299,598,41.86,556.14,155.48,310.96,32
OI-01307,ORD-00604,P009,1,3499,3499,839.76,2659.24,2519.28,2519.28,42
OI-01308,ORD-00604,P022,2,699,1398,246.05,1151.95,343.91,687.82,48
OI-01309,ORD-00605,P015,1,1399,1399,281.2,1117.8,705.1,705.1,24
OI-01310,ORD-00605,P028,1,1299,1299,227.32,1071.68,823.89,823.89,31
OI-01311,ORD-00606,P059,2,449,898,35.92,862.08,245.15,490.3,32
OI-01312,ORD-00606,P057,2,649,1298,51.92,1246.08,337.48,674.96,32
OI-01313,ORD-00606,P013,1,999,999,125.87,873.13,479.52,479.52,24
OI-01314,ORD-00607,P007,1,2199,2199,571.74,1627.26,1662.44,1662.44,42
OI-01315,ORD-00607,P017,2,1899,3798,554.51,3243.49,911.52,1823.04,48
OI-01316,ORD-00608,P015,1,1399,1399,225.24,1173.76,705.1,705.1,24
OI-01317,ORD-00608,P038,1,599,599,66.49,532.51,264.01,264.01,19
OI-01318,ORD-00609,P033,1,2299,2299,321.86,1977.14,1356.41,1356.41,31
OI-01319,ORD-00609,P006,1,3499,3499,909.74,2589.26,2582.26,2582.26,42
OI-01320,ORD-00610,P026,1,549,549,98.82,450.18,332.01,332.01,31
OI-01321,ORD-00610,P009,1,3499,3499,874.75,2624.25,2519.28,2519.28,42
OI-01322,ORD-00611,P001,1,3499,3499,892.25,2606.75,2904.17,2904.17,42
OI-01323,ORD-00611,P040,1,1199,1199,133.09,1065.91,554.24,554.24,19
OI-01324,ORD-00612,P059,1,449,449,22.45,426.55,245.15,245.15,16
OI-01325,ORD-00612,P025,1,2299,2299,413.82,1885.18,1356.41,1356.41,31
OI-01326,ORD-00612,P032,1,549,549,87.84,461.16,348.2,348.2,31
OI-01327,ORD-00613,P037,1,349,349,23.03,325.97,150.07,150.07,19
OI-01328,ORD-00613,P027,1,849,849,135.84,713.16,525.96,525.96,31
OI-01329,ORD-00614,P030,1,849,849,174.04,674.96,513.43,513.43,31
OI-01330,ORD-00614,P029,1,849,849,182.53,666.47,500.91,500.91,31
OI-01331,ORD-00615,P026,1,549,549,98.82,450.18,332.01,332.01,31
OI-01332,ORD-00615,P011,1,1299,1299,272.79,1026.21,982.04,982.04,42
OI-01333,ORD-00616,P060,1,649,649,45.43,603.57,362.79,362.79,16
OI-01334,ORD-00616,P015,1,1399,1399,190.26,1208.74,705.1,705.1,24
OI-01335,ORD-00617,P003,1,4999,4999,1374.73,3624.27,4209.16,4209.16,42
OI-01336,ORD-00617,P001,2,3499,6998,1644.53,5353.47,2904.17,5808.34,84
OI-01337,ORD-00618,P028,1,1299,1299,246.81,1052.19,823.89,823.89,31
OI-01338,ORD-00618,P051,1,449,449,8.98,440.02,245.15,245.15,16
OI-01339,ORD-00618,P058,1,649,649,25.96,623.04,345.92,345.92,16
OI-01340,ORD-00619,P018,2,1899,3798,573.5,3224.5,934.31,1868.62,48
OI-01341,ORD-00619,P006,1,3499,3499,997.22,2501.78,2582.26,2582.26,42
OI-01342,ORD-00620,P002,1,2199,2199,571.74,1627.26,1838.36,1838.36,42
OI-01343,ORD-00620,P043,2,1199,2398,182.25,2215.75,541.35,1082.7,38
OI-01344,ORD-00621,P010,1,2199,2199,505.77,1693.23,1622.86,1622.86,42
OI-01345,ORD-00621,P038,1,599,599,57.5,541.5,264.01,264.01,19
OI-01346,ORD-00622,P022,1,699,699,112.54,586.46,343.91,343.91,24
OI-01347,ORD-00622,P016,1,1399,1399,267.21,1131.79,721.88,721.88,24
OI-01348,ORD-00623,P001,1,3499,3499,734.79,2764.21,2904.17,2904.17,42
OI-01349,ORD-00623,P043,2,1199,2398,206.23,2191.77,541.35,1082.7,38
OI-01350,ORD-00624,P045,1,599,599,57.5,541.5,257.57,257.57,19
OI-01351,ORD-00624,P024,1,999,999,175.82,823.18,515.48,515.48,24
OI-01352,ORD-00624,P053,1,299,299,14.95,284.05,155.48,155.48,16
OI-01353,ORD-00625,P052,1,199,199,14.92,184.08,111.24,111.24,16
OI-01354,ORD-00625,P034,2,849,1698,297.15,1400.85,513.43,1026.86,62
OI-01355,ORD-00626,P008,1,3499,3499,839.76,2659.24,2708.23,2708.23,42
OI-01356,ORD-00626,P002,1,2199,2199,549.75,1649.25,1838.36,1838.36,42
OI-01357,ORD-00627,P021,1,999,999,135.86,863.14,479.52,479.52,24
OI-01358,ORD-00627,P049,1,649,649,12.98,636.02,337.48,337.48,16
OI-01359,ORD-00628,P038,1,599,599,72.48,526.52,264.01,264.01,19
OI-01360,ORD-00628,P032,1,549,549,90.59,458.41,348.2,348.2,31
OI-01361,ORD-00629,P051,1,449,449,8.98,440.02,245.15,245.15,16
OI-01362,ORD-00629,P037,1,349,349,26.52,322.48,150.07,150.07,19
OI-01363,ORD-00630,P005,2,1299,2598,623.52,1974.48,1109.35,2218.7,84
OI-01364,ORD-00630,P033,1,2299,2299,344.85,1954.15,1356.41,1356.41,31
OI-01365,ORD-00630,P020,1,1899,1899,258.26,1640.74,979.88,979.88,24
OI-01366,ORD-00631,P004,2,4999,9998,2449.51,7548.49,4239.15,8478.3,84
OI-01367,ORD-00631,P056,1,449,449,38.17,410.83,250.99,250.99,16
OI-01368,ORD-00632,P008,1,3499,3499,909.74,2589.26,2708.23,2708.23,42
OI-01369,ORD-00632,P048,1,1199,1199,115.1,1083.9,554.24,554.24,19
OI-01370,ORD-00633,P045,1,599,599,33.54,565.46,257.57,257.57,19
OI-01371,ORD-00633,P038,1,599,599,51.51,547.49,264.01,264.01,19
OI-01372,ORD-00634,P037,2,349,698,77.48,620.52,150.07,300.14,38
OI-01373,ORD-00634,P006,1,3499,3499,822.27,2676.73,2582.26,2582.26,42
OI-01374,ORD-00635,P025,1,2299,2299,436.81,1862.19,1356.41,1356.41,31
OI-01375,ORD-00635,P028,1,1299,1299,207.84,1091.16,823.89,823.89,31
OI-01376,ORD-00636,P050,1,649,649,32.45,616.55,345.92,345.92,16
OI-01377,ORD-00636,P020,1,1899,1899,315.23,1583.77,979.88,979.88,24
OI-01378,ORD-00636,P041,1,899,899,68.32,830.68,386.57,386.57,19
OI-01379,ORD-00637,P020,1,1899,1899,286.75,1612.25,979.88,979.88,24
OI-01380,ORD-00637,P022,1,699,699,112.54,586.46,343.91,343.91,24
OI-01381,ORD-00638,P033,1,2299,2299,390.83,1908.17,1356.41,1356.41,31
OI-01382,ORD-00638,P048,1,1199,1199,91.12,1107.88,554.24,554.24,19
OI-01383,ORD-00639,P016,1,1399,1399,190.26,1208.74,721.88,721.88,24
OI-01384,ORD-00639,P008,1,3499,3499,909.74,2589.26,2708.23,2708.23,42
OI-01385,ORD-00640,P009,1,3499,3499,822.27,2676.73,2519.28,2519.28,42
OI-01386,ORD-00640,P013,1,999,999,200.8,798.2,479.52,479.52,24
OI-01387,ORD-00641,P042,1,899,899,77.31,821.69,396.23,396.23,19
OI-01388,ORD-00641,P002,1,2199,2199,527.76,1671.24,1838.36,1838.36,42
OI-01389,ORD-00642,P015,2,1399,2798,492.45,2305.55,705.1,1410.2,48
OI-01390,ORD-00642,P007,1,2199,2199,505.77,1693.23,1662.44,1662.44,42
OI-01391,ORD-00642,P037,1,349,349,26.52,322.48,150.07,150.07,19
OI-01392,ORD-00643,P050,1,649,649,29.2,619.8,345.92,345.92,16
OI-01393,ORD-00643,P047,1,349,349,31.76,317.24,157.57,157.57,19
OI-01394,ORD-00644,P021,1,999,999,125.87,873.13,479.52,479.52,24
OI-01395,ORD-00644,P001,2,3499,6998,1539.56,5458.44,2904.17,5808.34,84
OI-01396,ORD-00645,P006,1,3499,3499,874.75,2624.25,2582.26,2582.26,42
OI-01397,ORD-00645,P020,1,1899,1899,315.23,1583.77,979.88,979.88,24
OI-01398,ORD-00646,P005,1,1299,1299,357.23,941.77,1109.35,1109.35,42
OI-01399,ORD-00646,P012,1,1299,1299,344.24,954.76,1005.43,1005.43,42
OI-01400,ORD-00647,P006,1,3499,3499,769.78,2729.22,2582.26,2582.26,42
OI-01401,ORD-00647,P014,1,1899,1899,258.26,1640.74,934.31,934.31,24
OI-01402,ORD-00648,P008,1,3499,3499,734.79,2764.21,2708.23,2708.23,42
OI-01403,ORD-00648,P016,2,1399,2798,408.51,2389.49,721.88,1443.76,48
OI-01404,ORD-00648,P006,1,3499,3499,804.77,2694.23,2582.26,2582.26,42
OI-01405,ORD-00649,P005,1,1299,1299,331.25,967.75,1109.35,1109.35,42
OI-01406,ORD-00649,P003,1,4999,4999,1274.75,3724.25,4209.16,4209.16,42
OI-01407,ORD-00650,P006,1,3499,3499,804.77,2694.23,2582.26,2582.26,42
OI-01408,ORD-00650,P024,1,999,999,145.85,853.15,515.48,515.48,24
OI-01409,ORD-00651,P001,1,3499,3499,909.74,2589.26,2904.17,2904.17,42
OI-01410,ORD-00651,P038,2,599,1198,55.11,1142.89,264.01,528.02,38
OI-01411,ORD-00652,P036,1,1299,1299,214.34,1084.66,823.89,823.89,31
OI-01412,ORD-00652,P002,1,2199,2199,538.75,1660.25,1838.36,1838.36,42
OI-01413,ORD-00653,P003,1,4999,4999,1199.76,3799.24,4209.16,4209.16,42
OI-01414,ORD-00653,P029,1,849,849,118.86,730.14,500.91,500.91,31
OI-01415,ORD-00654,P011,1,1299,1299,337.74,961.26,982.04,982.04,42
OI-01416,ORD-00654,P006,1,3499,3499,874.75,2624.25,2582.26,2582.26,42
OI-01417,ORD-00654,P010,1,2199,2199,483.78,1715.22,1622.86,1622.86,42
OI-01418,ORD-00655,P033,1,2299,2299,494.28,1804.72,1356.41,1356.41,31
OI-01419,ORD-00655,P010,1,2199,2199,604.73,1594.27,1622.86,1622.86,42
OI-01420,ORD-00656,P021,1,999,999,165.83,833.17,479.52,479.52,24
OI-01421,ORD-00656,P015,1,1399,1399,246.22,1152.78,705.1,705.1,24
OI-01422,ORD-00657,P018,1,1899,1899,258.26,1640.74,934.31,934.31,24
OI-01423,ORD-00657,P024,1,999,999,135.86,863.14,515.48,515.48,24
OI-01424,ORD-00658,P010,1,2199,2199,582.74,1616.26,1622.86,1622.86,42
OI-01425,ORD-00658,P052,1,199,199,16.92,182.08,111.24,111.24,16
OI-01426,ORD-00659,P028,1,1299,1299,220.83,1078.17,823.89,823.89,31
OI-01427,ORD-00659,P028,1,1299,1299,181.86,1117.14,823.89,823.89,31
OI-01428,ORD-00660,P036,1,1299,1299,279.28,1019.72,823.89,823.89,31
OI-01429,ORD-00660,P052,1,199,199,16.92,182.08,111.24,111.24,16
OI-01430,ORD-00660,P051,1,449,449,29.19,419.81,245.15,245.15,16
OI-01431,ORD-00661,P016,1,1399,1399,190.26,1208.74,721.88,721.88,24
OI-01432,ORD-00661,P006,1,3499,3499,804.77,2694.23,2582.26,2582.26,42
OI-01433,ORD-00662,P016,1,1399,1399,176.27,1222.73,721.88,721.88,24
OI-01434,ORD-00662,P049,1,649,649,25.96,623.04,337.48,337.48,16
OI-01435,ORD-00663,P033,1,2299,2299,379.34,1919.66,1356.41,1356.41,31
OI-01436,ORD-00663,P045,1,599,599,42.53,556.47,257.57,257.57,19
OI-01437,ORD-00664,P040,1,1199,1199,79.13,1119.87,554.24,554.24,19
OI-01438,ORD-00664,P002,1,2199,2199,505.77,1693.23,1838.36,1838.36,42
OI-01439,ORD-00665,P021,1,999,999,135.86,863.14,479.52,479.52,24
OI-01440,ORD-00665,P033,1,2299,2299,390.83,1908.17,1356.41,1356.41,31
OI-01441,ORD-00666,P059,1,449,449,42.66,406.34,245.15,245.15,16
OI-01442,ORD-00666,P008,1,3499,3499,857.25,2641.75,2708.23,2708.23,42
OI-01443,ORD-00666,P031,1,2299,2299,471.29,1827.71,1424.23,1424.23,31
OI-01444,ORD-00667,P060,1,649,649,45.43,603.57,362.79,362.79,16
OI-01445,ORD-00667,P056,1,449,449,8.98,440.02,250.99,250.99,16
OI-01446,ORD-00668,P031,2,2299,4598,689.7,3908.3,1424.23,2848.46,62
OI-01447,ORD-00668,P029,1,849,849,161.31,687.69,500.91,500.91,31
OI-01448,ORD-00669,P049,1,649,649,42.19,606.81,337.48,337.48,16
OI-01449,ORD-00669,P022,1,699,699,133.51,565.49,343.91,343.91,24
OI-01450,ORD-00670,P058,1,649,649,45.43,603.57,345.92,345.92,16
OI-01451,ORD-00670,P018,1,1899,1899,277.25,1621.75,934.31,934.31,24
OI-01452,ORD-00671,P053,1,299,299,5.98,293.02,155.48,155.48,16
OI-01453,ORD-00671,P058,1,649,649,32.45,616.55,345.92,345.92,16
OI-01454,ORD-00672,P012,1,1299,1299,357.23,941.77,1005.43,1005.43,42
OI-01455,ORD-00672,P060,1,649,649,55.17,593.83,362.79,362.79,16
OI-01456,ORD-00672,P005,1,1299,1299,331.25,967.75,1109.35,1109.35,42
OI-01457,ORD-00673,P039,1,1199,1199,67.14,1131.86,541.35,541.35,19
OI-01458,ORD-00673,P011,1,1299,1299,311.76,987.24,982.04,982.04,42
OI-01459,ORD-00674,P019,1,1399,1399,190.26,1208.74,705.1,705.1,24
OI-01460,ORD-00674,P058,1,649,649,19.47,629.53,345.92,345.92,16
OI-01461,ORD-00675,P010,1,2199,2199,516.76,1682.24,1622.86,1622.86,42
OI-01462,ORD-00675,P005,1,1299,1299,318.25,980.75,1109.35,1109.35,42
OI-01463,ORD-00676,P017,1,1899,1899,315.23,1583.77,911.52,911.52,24
OI-01464,ORD-00676,P030,1,849,849,144.33,704.67,513.43,513.43,31
OI-01465,ORD-00677,P015,1,1399,1399,232.23,1166.77,705.1,705.1,24
OI-01466,ORD-00677,P037,1,349,349,19.54,329.46,150.07,150.07,19
OI-01467,ORD-00678,P040,1,1199,1199,97.12,1101.88,554.24,554.24,19
OI-01468,ORD-00678,P009,1,3499,3499,927.24,2571.76,2519.28,2519.28,42
OI-01469,ORD-00678,P006,2,3499,6998,1784.49,5213.51,2582.26,5164.52,84
OI-01470,ORD-00679,P033,1,2299,2299,321.86,1977.14,1356.41,1356.41,31
OI-01471,ORD-00679,P001,1,3499,3499,839.76,2659.24,2904.17,2904.17,42
OI-01472,ORD-00680,P011,1,1299,1299,311.76,987.24,982.04,982.04,42
OI-01473,ORD-00680,P055,2,449,898,26.94,871.06,245.15,490.3,32
OI-01474,ORD-00681,P002,1,2199,2199,516.76,1682.24,1838.36,1838.36,42
OI-01475,ORD-00681,P005,1,1299,1299,305.27,993.73,1109.35,1109.35,42
OI-01476,ORD-00682,P043,1,1199,1199,79.13,1119.87,541.35,541.35,19
OI-01477,ORD-00682,P058,1,649,649,45.43,603.57,345.92,345.92,16
OI-01478,ORD-00683,P003,1,4999,4999,1299.74,3699.26,4209.16,4209.16,42
OI-01479,ORD-00683,P050,1,649,649,38.94,610.06,345.92,345.92,16
OI-01480,ORD-00684,P013,1,999,999,170.83,828.17,479.52,479.52,24
OI-01481,ORD-00684,P038,1,599,599,42.53,556.47,264.01,264.01,19
OI-01482,ORD-00684,P008,1,3499,3499,822.27,2676.73,2708.23,2708.23,42
OI-01483,ORD-00685,P008,1,3499,3499,769.78,2729.22,2708.23,2708.23,42
OI-01484,ORD-00685,P059,2,449,898,17.96,880.04,245.15,490.3,32
OI-01485,ORD-00686,P011,1,1299,1299,285.78,1013.22,982.04,982.04,42
OI-01486,ORD-00686,P037,1,349,349,30.01,318.99,150.07,150.07,19
OI-01487,ORD-00687,P055,2,449,898,40.41,857.59,245.15,490.3,32
OI-01488,ORD-00687,P001,1,3499,3499,892.25,2606.75,2904.17,2904.17,42
OI-01489,ORD-00688,P021,2,999,1998,311.69,1686.31,479.52,959.04,48
OI-01490,ORD-00688,P010,1,2199,2199,549.75,1649.25,1622.86,1622.86,42
OI-01491,ORD-00689,P004,2,4999,9998,2199.56,7798.44,4239.15,8478.3,84
OI-01492,ORD-00689,P015,1,1399,1399,246.22,1152.78,705.1,705.1,24
OI-01493,ORD-00690,P001,1,3499,3499,892.25,2606.75,2904.17,2904.17,42
OI-01494,ORD-00690,P051,1,449,449,29.19,419.81,245.15,245.15,16
OI-01495,ORD-00690,P006,1,3499,3499,927.24,2571.76,2582.26,2582.26,42
OI-01496,ORD-00691,P007,2,2199,4398,923.58,3474.42,1662.44,3324.88,84
OI-01497,ORD-00691,P048,1,1199,1199,91.12,1107.88,554.24,554.24,19
OI-01498,ORD-00692,P026,2,549,1098,186.66,911.34,332.01,664.02,62
OI-01499,ORD-00692,P007,1,2199,2199,483.78,1715.22,1662.44,1662.44,42
OI-01500,ORD-00693,P024,2,999,1998,321.68,1676.32,515.48,1030.96,48
OI-01501,ORD-00693,P045,1,599,599,72.48,526.52,257.57,257.57,19
OI-01502,ORD-00694,P018,1,1899,1899,258.26,1640.74,934.31,934.31,24
OI-01503,ORD-00694,P018,1,1899,1899,239.27,1659.73,934.31,934.31,24
OI-01504,ORD-00695,P029,1,849,849,152.82,696.18,500.91,500.91,31
OI-01505,ORD-00695,P047,1,349,349,33.5,315.5,157.57,157.57,19
OI-01506,ORD-00696,P003,2,4999,9998,2649.47,7348.53,4209.16,8418.32,84
OI-01507,ORD-00696,P016,1,1399,1399,267.21,1131.79,721.88,721.88,24
OI-01508,ORD-00696,P043,1,1199,1199,97.12,1101.88,541.35,541.35,19
OI-01509,ORD-00697,P003,1,4999,4999,1099.78,3899.22,4209.16,4209.16,42
OI-01510,ORD-00697,P008,2,3499,6998,1819.48,5178.52,2708.23,5416.46,84
OI-01511,ORD-00698,P022,2,699,1398,246.05,1151.95,343.91,687.82,48
OI-01512,ORD-00698,P060,1,649,649,12.98,636.02,362.79,362.79,16
OI-01513,ORD-00699,P005,1,1299,1299,370.22,928.78,1109.35,1109.35,42
OI-01514,ORD-00699,P006,1,3499,3499,892.25,2606.75,2582.26,2582.26,42
OI-01515,ORD-00700,P014,1,1899,1899,239.27,1659.73,934.31,934.31,24
OI-01516,ORD-00700,P034,1,849,849,127.35,721.65,513.43,513.43,31
OI-01517,ORD-00701,P001,1,3499,3499,962.23,2536.77,2904.17,2904.17,42
OI-01518,ORD-00701,P003,1,4999,4999,1274.75,3724.25,4209.16,4209.16,42
OI-01519,ORD-00702,P043,1,1199,1199,79.13,1119.87,541.35,541.35,19
OI-01520,ORD-00702,P040,1,1199,1199,79.13,1119.87,554.24,554.24,19
OI-01521,ORD-00702,P002,1,2199,2199,527.76,1671.24,1838.36,1838.36,42
OI-01522,ORD-00703,P001,1,3499,3499,839.76,2659.24,2904.17,2904.17,42
OI-01523,ORD-00703,P039,1,1199,1199,79.13,1119.87,541.35,541.35,19
OI-01524,ORD-00704,P044,1,1199,1199,97.12,1101.88,554.24,554.24,19
OI-01525,ORD-00704,P030,1,849,849,165.56,683.44,513.43,513.43,31
OI-01526,ORD-00705,P002,1,2199,2199,483.78,1715.22,1838.36,1838.36,42
OI-01527,ORD-00705,P021,2,999,1998,291.71,1706.29,479.52,959.04,48
OI-01528,ORD-00706,P029,1,849,849,127.35,721.65,500.91,500.91,31
OI-01529,ORD-00706,P003,1,4999,4999,1299.74,3699.26,4209.16,4209.16,42
OI-01530,ORD-00707,P054,1,299,299,25.42,273.58,159.37,159.37,16
OI-01531,ORD-00707,P002,2,2199,4398,1033.53,3364.47,1838.36,3676.72,84
OI-01532,ORD-00708,P002,1,2199,2199,461.79,1737.21,1838.36,1838.36,42
OI-01533,ORD-00708,P020,1,1899,1899,277.25,1621.75,979.88,979.88,24
OI-01534,ORD-00708,P030,1,849,849,127.35,721.65,513.43,513.43,31
OI-01535,ORD-00709,P014,1,1899,1899,277.25,1621.75,934.31,934.31,24
OI-01536,ORD-00709,P045,1,599,599,33.54,565.46,257.57,257.57,19
OI-01537,ORD-00710,P023,1,999,999,150.85,848.15,503.5,503.5,24
OI-01538,ORD-00710,P003,1,4999,4999,1274.75,3724.25,4209.16,4209.16,42
OI-01539,ORD-00711,P027,1,849,849,144.33,704.67,525.96,525.96,31
OI-01540,ORD-00711,P047,1,349,349,19.54,329.46,157.57,157.57,19
OI-01541,ORD-00712,P027,1,849,849,161.31,687.69,525.96,525.96,31
OI-01542,ORD-00712,P030,2,849,1698,288.66,1409.34,513.43,1026.86,62
OI-01543,ORD-00713,P041,1,899,899,99.79,799.21,386.57,386.57,19
OI-01544,ORD-00713,P005,1,1299,1299,357.23,941.77,1109.35,1109.35,42
OI-01545,ORD-00714,P018,1,1899,1899,258.26,1640.74,934.31,934.31,24
OI-01546,ORD-00714,P039,2,1199,2398,110.31,2287.69,541.35,1082.7,38
OI-01547,ORD-00714,P032,2,549,1098,197.64,900.36,348.2,696.4,62
OI-01548,ORD-00715,P009,1,3499,3499,839.76,2659.24,2519.28,2519.28,42
OI-01549,ORD-00715,P043,1,1199,1199,91.12,1107.88,541.35,541.35,19
OI-01550,ORD-00716,P024,1,999,999,150.85,848.15,515.48,515.48,24
OI-01551,ORD-00716,P009,1,3499,3499,962.23,2536.77,2519.28,2519.28,42
OI-01552,ORD-00717,P006,2,3499,6998,1609.54,5388.46,2582.26,5164.52,84
OI-01553,ORD-00717,P038,1,599,599,57.5,541.5,264.01,264.01,19
OI-01554,ORD-00718,P048,1,1199,1199,115.1,1083.9,554.24,554.24,19
OI-01555,ORD-00718,P005,1,1299,1299,298.77,1000.23,1109.35,1109.35,42
OI-01556,ORD-00719,P024,2,999,1998,321.68,1676.32,515.48,1030.96,48
OI-01557,ORD-00719,P028,1,1299,1299,279.28,1019.72,823.89,823.89,31
OI-01558,ORD-00720,P043,1,1199,1199,91.12,1107.88,541.35,541.35,19
OI-01559,ORD-00720,P045,1,599,599,57.5,541.5,257.57,257.57,19
OI-01560,ORD-00720,P037,1,349,349,30.01,318.99,150.07,150.07,19
OI-01561,ORD-00721,P015,1,1399,1399,232.23,1166.77,705.1,705.1,24
OI-01562,ORD-00721,P052,1,199,199,9.95,189.05,111.24,111.24,16
OI-01563,ORD-00722,P023,1,999,999,200.8,798.2,503.5,503.5,24
OI-01564,ORD-00722,P041,1,899,899,81.81,817.19,386.57,386.57,19
OI-01565,ORD-00723,P054,2,299,598,17.94,580.06,159.37,318.74,32
OI-01566,ORD-00723,P024,1,999,999,175.82,823.18,515.48,515.48,24
OI-01567,ORD-00724,P021,1,999,999,175.82,823.18,479.52,479.52,24
OI-01568,ORD-00724,P059,1,449,449,8.98,440.02,245.15,245.15,16
OI-01569,ORD-00725,P042,2,899,1798,127.66,1670.34,396.23,792.46,38
OI-01570,ORD-00725,P059,1,449,449,20.2,428.8,245.15,245.15,16
OI-01571,ORD-00726,P047,1,349,349,19.54,329.46,157.57,157.57,19
OI-01572,ORD-00726,P048,1,1199,1199,91.12,1107.88,554.24,554.24,19
OI-01573,ORD-00726,P003,1,4999,4999,1199.76,3799.24,4209.16,4209.16,42
OI-01574,ORD-00727,P048,1,1199,1199,67.14,1131.86,554.24,554.24,19
OI-01575,ORD-00727,P002,1,2199,2199,505.77,1693.23,1838.36,1838.36,42
OI-01576,ORD-00728,P048,1,1199,1199,109.11,1089.89,554.24,554.24,19
OI-01577,ORD-00728,P050,1,649,649,55.17,593.83,345.92,345.92,16
OI-01578,ORD-00729,P043,1,1199,1199,79.13,1119.87,541.35,541.35,19
OI-01579,ORD-00729,P016,1,1399,1399,232.23,1166.77,721.88,721.88,24
OI-01580,ORD-00730,P016,2,1399,2798,464.47,2333.53,721.88,1443.76,48
OI-01581,ORD-00730,P039,2,1199,2398,206.23,2191.77,541.35,1082.7,38
OI-01582,ORD-00731,P026,1,549,549,107.06,441.94,332.01,332.01,31
OI-01583,ORD-00731,P044,1,1199,1199,93.52,1105.48,554.24,554.24,19
OI-01584,ORD-00732,P007,1,2199,2199,593.73,1605.27,1662.44,1662.44,42
OI-01585,ORD-00732,P014,2,1899,3798,562.1,3235.9,934.31,1868.62,48
OI-01586,ORD-00732,P048,2,1199,2398,246.99,2151.01,554.24,1108.48,38
OI-01587,ORD-00733,P003,1,4999,4999,1349.73,3649.27,4209.16,4209.16,42
OI-01588,ORD-00733,P050,1,649,649,35.7,613.3,345.92,345.92,16
OI-01589,ORD-00734,P017,1,1899,1899,385.5,1513.5,911.52,911.52,24
OI-01590,ORD-00734,P013,1,999,999,212.79,786.21,479.52,479.52,24
OI-01591,ORD-00735,P020,1,1899,1899,357.01,1541.99,979.88,979.88,24
OI-01592,ORD-00735,P054,1,299,299,7.48,291.52,159.37,159.37,16
OI-01593,ORD-00736,P060,1,649,649,16.23,632.77,362.79,362.79,16
OI-01594,ORD-00736,P006,1,3499,3499,1084.69,2414.31,2582.26,2582.26,42
OI-01595,ORD-00737,P018,2,1899,3798,770.99,3027.01,934.31,1868.62,48
OI-01596,ORD-00737,P020,1,1899,1899,366.51,1532.49,979.88,979.88,24
OI-01597,ORD-00738,P015,2,1399,2798,442.08,2355.92,705.1,1410.2,48
OI-01598,ORD-00738,P037,1,349,349,25.48,323.52,150.07,150.07,19
OI-01599,ORD-00738,P036,1,1299,1299,246.81,1052.19,823.89,823.89,31
OI-01600,ORD-00739,P026,1,549,549,104.31,444.69,332.01,332.01,31
OI-01601,ORD-00739,P059,1,449,449,33.68,415.32,245.15,245.15,16
OI-01602,ORD-00740,P012,1,1299,1299,396.2,902.8,1005.43,1005.43,42
OI-01603,ORD-00740,P044,1,1199,1199,93.52,1105.48,554.24,554.24,19
OI-01604,ORD-00741,P052,1,199,199,10.95,188.05,111.24,111.24,16
OI-01605,ORD-00741,P017,1,1899,1899,357.01,1541.99,911.52,911.52,24
OI-01606,ORD-00742,P051,2,449,898,44.9,853.1,245.15,490.3,32
OI-01607,ORD-00742,P028,1,1299,1299,305.26,993.74,823.89,823.89,31
OI-01608,ORD-00743,P054,2,299,598,26.91,571.09,159.37,318.74,32
OI-01609,ORD-00743,P054,1,299,299,13.46,285.54,159.37,159.37,16
OI-01610,ORD-00744,P002,1,2199,2199,681.69,1517.31,1838.36,1838.36,42
OI-01611,ORD-00744,P028,1,1299,1299,220.83,1078.17,823.89,823.89,31
OI-01612,ORD-00744,P060,1,649,649,16.23,632.77,362.79,362.79,16
OI-01613,ORD-00745,P009,1,3499,3499,1032.21,2466.79,2519.28,2519.28,42
OI-01614,ORD-00745,P003,1,4999,4999,1424.72,3574.28,4209.16,4209.16,42
OI-01615,ORD-00746,P019,1,1399,1399,207.05,1191.95,705.1,705.1,24
OI-01616,ORD-00746,P001,1,3499,3499,944.73,2554.27,2904.17,2904.17,42
OI-01617,ORD-00747,P019,1,1399,1399,277,1122,705.1,705.1,24
OI-01618,ORD-00747,P015,1,1399,1399,249.02,1149.98,705.1,705.1,24
OI-01619,ORD-00748,P027,1,849,849,208,641,525.96,525.96,31
OI-01620,ORD-00748,P010,2,2199,4398,1297.41,3100.59,1622.86,3245.72,84
OI-01621,ORD-00749,P054,1,299,299,7.48,291.52,159.37,159.37,16
OI-01622,ORD-00749,P041,2,899,1798,95.29,1702.71,386.57,773.14,38
OI-01623,ORD-00750,P047,1,349,349,28.97,320.03,157.57,157.57,19
OI-01624,ORD-00750,P024,1,999,999,147.85,851.15,515.48,515.48,24
OI-01625,ORD-00750,P001,1,3499,3499,1014.71,2484.29,2904.17,2904.17,42
OI-01626,ORD-00751,P023,1,999,999,212.79,786.21,503.5,503.5,24
OI-01627,ORD-00751,P054,1,299,299,26.91,272.09,159.37,159.37,16
OI-01628,ORD-00752,P037,1,349,349,18.5,330.5,150.07,150.07,19
OI-01629,ORD-00752,P008,2,3499,6998,2169.38,4828.62,2708.23,5416.46,84
OI-01630,ORD-00753,P012,1,1299,1299,363.72,935.28,1005.43,1005.43,42
OI-01631,ORD-00753,P041,2,899,1798,113.27,1684.73,386.57,773.14,38
OI-01632,ORD-00754,P040,1,1199,1199,105.51,1093.49,554.24,554.24,19
OI-01633,ORD-00754,P011,1,1299,1299,370.22,928.78,982.04,982.04,42
OI-01634,ORD-00755,P015,2,1399,2798,498.04,2299.96,705.1,1410.2,48
OI-01635,ORD-00755,P044,1,1199,1199,63.55,1135.45,554.24,554.24,19
OI-01636,ORD-00756,P010,1,2199,2199,637.71,1561.29,1622.86,1622.86,42
OI-01637,ORD-00756,P034,1,849,849,161.31,687.69,513.43,513.43,31
OI-01638,ORD-00756,P050,1,649,649,22.72,626.28,345.92,345.92,16
OI-01639,ORD-00757,P012,1,1299,1299,422.18,876.82,1005.43,1005.43,42
OI-01640,ORD-00757,P034,2,849,1698,348.09,1349.91,513.43,1026.86,62
OI-01641,ORD-00758,P003,1,4999,4999,1549.69,3449.31,4209.16,4209.16,42
OI-01642,ORD-00758,P038,2,599,1198,87.45,1110.55,264.01,528.02,38
OI-01643,ORD-00759,P018,1,1899,1899,338.02,1560.98,934.31,934.31,24
OI-01644,ORD-00759,P011,1,1299,1299,363.72,935.28,982.04,982.04,42
OI-01645,ORD-00760,P012,2,1299,2598,766.41,1831.59,1005.43,2010.86,84
OI-01646,ORD-00760,P025,1,2299,2299,494.28,1804.72,1356.41,1356.41,31
OI-01647,ORD-00761,P028,2,1299,2598,571.56,2026.44,823.89,1647.78,62
OI-01648,ORD-00761,P023,1,999,999,177.82,821.18,503.5,503.5,24
OI-01649,ORD-00762,P027,1,849,849,161.31,687.69,525.96,525.96,31
OI-01650,ORD-00762,P039,1,1199,1199,63.55,1135.45,541.35,541.35,19
OI-01651,ORD-00762,P031,1,2299,2299,482.79,1816.21,1424.23,1424.23,31
OI-01652,ORD-00763,P027,1,849,849,165.56,683.44,525.96,525.96,31
OI-01653,ORD-00763,P007,1,2199,2199,670.7,1528.3,1662.44,1662.44,42
OI-01654,ORD-00764,P002,1,2199,2199,615.72,1583.28,1838.36,1838.36,42
OI-01655,ORD-00764,P016,1,1399,1399,277,1122,721.88,721.88,24
OI-01656,ORD-00765,P012,1,1299,1299,402.69,896.31,1005.43,1005.43,42
OI-01657,ORD-00765,P006,1,3499,3499,1049.7,2449.3,2582.26,2582.26,42
OI-01658,ORD-00766,P028,1,1299,1299,266.29,1032.71,823.89,823.89,31
OI-01659,ORD-00766,P050,1,649,649,45.43,603.57,345.92,345.92,16
OI-01660,ORD-00767,P058,1,649,649,42.19,606.81,345.92,345.92,16
OI-01661,ORD-00767,P048,1,1199,1199,111.51,1087.49,554.24,554.24,19
OI-01662,ORD-00768,P034,2,849,1698,339.6,1358.4,513.43,1026.86,62
OI-01663,ORD-00768,P030,1,849,849,152.82,696.18,513.43,513.43,31
OI-01664,ORD-00768,P017,1,1899,1899,357.01,1541.99,911.52,911.52,24
OI-01665,ORD-00769,P035,1,1299,1299,253.31,1045.69,804.73,804.73,31
OI-01666,ORD-00769,P031,1,2299,2299,540.26,1758.74,1424.23,1424.23,31
OI-01667,ORD-00770,P033,1,2299,2299,482.79,1816.21,1356.41,1356.41,31
OI-01668,ORD-00770,P023,1,999,999,197.8,801.2,503.5,503.5,24
OI-01669,ORD-00771,P007,1,2199,2199,637.71,1561.29,1662.44,1662.44,42
OI-01670,ORD-00771,P053,1,299,299,16.45,282.55,155.48,155.48,16
OI-01671,ORD-00772,P023,1,999,999,202.8,796.2,503.5,503.5,24
OI-01672,ORD-00772,P011,1,1299,1299,383.21,915.79,982.04,982.04,42
OI-01673,ORD-00773,P025,1,2299,2299,459.8,1839.2,1356.41,1356.41,31
OI-01674,ORD-00773,P049,1,649,649,48.68,600.32,337.48,337.48,16
OI-01675,ORD-00774,P020,1,1899,1899,319.03,1579.97,979.88,979.88,24
OI-01676,ORD-00774,P010,1,2199,2199,681.69,1517.31,1622.86,1622.86,42
OI-01677,ORD-00774,P006,1,3499,3499,909.74,2589.26,2582.26,2582.26,42
OI-01678,ORD-00775,P011,2,1299,2598,844.35,1753.65,982.04,1964.08,84
OI-01679,ORD-00775,P027,1,849,849,191.03,657.97,525.96,525.96,31
OI-01680,ORD-00776,P012,1,1299,1299,337.74,961.26,1005.43,1005.43,42
OI-01681,ORD-00776,P043,2,1199,2398,199.03,2198.97,541.35,1082.7,38
OI-01682,ORD-00777,P030,1,849,849,144.33,704.67,513.43,513.43,31
OI-01683,ORD-00777,P012,1,1299,1299,363.72,935.28,1005.43,1005.43,42
OI-01684,ORD-00778,P035,1,1299,1299,305.26,993.74,804.73,804.73,31
OI-01685,ORD-00778,P059,1,449,449,26.94,422.06,245.15,245.15,16
OI-01686,ORD-00779,P039,1,1199,1199,99.52,1099.48,541.35,541.35,19
OI-01687,ORD-00779,P053,1,299,299,13.46,285.54,155.48,155.48,16
OI-01688,ORD-00780,P050,1,649,649,29.21,619.79,345.92,345.92,16
OI-01689,ORD-00780,P047,2,349,698,57.93,640.07,157.57,315.14,38
OI-01690,ORD-00780,P029,1,849,849,152.82,696.18,500.91,500.91,31
OI-01691,ORD-00781,P028,1,1299,1299,253.31,1045.69,823.89,823.89,31
OI-01692,ORD-00781,P035,2,1299,2598,532.59,2065.41,804.73,1609.46,62
OI-01693,ORD-00782,P033,1,2299,2299,459.8,1839.2,1356.41,1356.41,31
OI-01694,ORD-00782,P046,1,599,599,49.72,549.28,264.01,264.01,19
OI-01695,ORD-00783,P006,2,3499,6998,2274.35,4723.65,2582.26,5164.52,84
OI-01696,ORD-00783,P012,2,1299,2598,870.33,1727.67,1005.43,2010.86,84
OI-01697,ORD-00784,P028,1,1299,1299,259.8,1039.2,823.89,823.89,31
OI-01698,ORD-00784,P009,1,3499,3499,909.74,2589.26,2519.28,2519.28,42
OI-01699,ORD-00785,P003,1,4999,4999,1549.69,3449.31,4209.16,4209.16,42
OI-01700,ORD-00785,P036,1,1299,1299,259.8,1039.2,823.89,823.89,31
OI-01701,ORD-00786,P013,2,999,1998,445.55,1552.45,479.52,959.04,48
OI-01702,ORD-00786,P047,1,349,349,37.69,311.31,157.57,157.57,19
OI-01703,ORD-00786,P028,2,1299,2598,584.55,2013.45,823.89,1647.78,62
OI-01704,ORD-00787,P004,2,4999,9998,2899.42,7098.58,4239.15,8478.3,84
OI-01705,ORD-00787,P009,1,3499,3499,944.73,2554.27,2519.28,2519.28,42
OI-01706,ORD-00788,P026,1,549,549,109.8,439.2,332.01,332.01,31
OI-01707,ORD-00788,P009,1,3499,3499,944.73,2554.27,2519.28,2519.28,42
OI-01708,ORD-00789,P010,1,2199,2199,692.69,1506.31,1622.86,1622.86,42
OI-01709,ORD-00789,P012,1,1299,1299,409.19,889.81,1005.43,1005.43,42
OI-01710,ORD-00790,P009,1,3499,3499,944.73,2554.27,2519.28,2519.28,42
OI-01711,ORD-00790,P009,1,3499,3499,1084.69,2414.31,2519.28,2519.28,42
OI-01712,ORD-00791,P025,1,2299,2299,459.8,1839.2,1356.41,1356.41,31
OI-01713,ORD-00791,P015,1,1399,1399,221.04,1177.96,705.1,705.1,24
OI-01714,ORD-00792,P011,1,1299,1299,422.18,876.82,982.04,982.04,42
OI-01715,ORD-00792,P013,2,999,1998,365.63,1632.37,479.52,959.04,48
OI-01716,ORD-00792,P006,1,3499,3499,1137.18,2361.82,2582.26,2582.26,42
OI-01717,ORD-00793,P012,2,1299,2598,779.4,1818.6,1005.43,2010.86,84
OI-01718,ORD-00793,P007,1,2199,2199,593.73,1605.27,1662.44,1662.44,42
OI-01719,ORD-00794,P041,2,899,1798,95.29,1702.71,386.57,773.14,38
OI-01720,ORD-00794,P014,1,1899,1899,338.02,1560.98,934.31,934.31,24
OI-01721,ORD-00795,P044,1,1199,1199,93.52,1105.48,554.24,554.24,19
OI-01722,ORD-00795,P031,1,2299,2299,517.27,1781.73,1424.23,1424.23,31
OI-01723,ORD-00796,P048,2,1199,2398,223.01,2174.99,554.24,1108.48,38
OI-01724,ORD-00796,P009,1,3499,3499,1049.7,2449.3,2519.28,2519.28,42
OI-01725,ORD-00797,P040,1,1199,1199,123.5,1075.5,554.24,554.24,19
OI-01726,ORD-00797,P007,1,2199,2199,571.74,1627.26,1662.44,1662.44,42
OI-01727,ORD-00798,P007,2,2199,4398,1297.41,3100.59,1662.44,3324.88,84
OI-01728,ORD-00798,P008,1,3499,3499,1032.21,2466.79,2708.23,2708.23,42
OI-01729,ORD-00798,P015,1,1399,1399,284,1115,705.1,705.1,24
OI-01730,ORD-00799,P049,1,649,649,29.21,619.79,337.48,337.48,16
OI-01731,ORD-00799,P020,1,1899,1899,376,1523,979.88,979.88,24
OI-01732,ORD-00800,P041,1,899,899,47.65,851.35,386.57,386.57,19
OI-01733,ORD-00800,P015,1,1399,1399,221.04,1177.96,705.1,705.1,24
OI-01734,ORD-00801,P053,1,299,299,14.95,284.05,155.48,155.48,16
OI-01735,ORD-00801,P037,1,349,349,44.67,304.33,150.07,150.07,19
OI-01736,ORD-00802,P055,1,449,449,15.72,433.28,245.15,245.15,16
OI-01737,ORD-00802,P032,1,549,549,98.82,450.18,348.2,348.2,31
OI-01738,ORD-00803,P044,1,1199,1199,75.54,1123.46,554.24,554.24,19
OI-01739,ORD-00803,P044,1,1199,1199,87.53,1111.47,554.24,554.24,19
OI-01740,ORD-00804,P030,1,849,849,182.53,666.47,513.43,513.43,31
OI-01741,ORD-00804,P028,1,1299,1299,318.25,980.75,823.89,823.89,31
OI-01742,ORD-00804,P043,1,1199,1199,153.47,1045.53,541.35,541.35,19
OI-01743,ORD-00805,P003,1,4999,4999,1349.73,3649.27,4209.16,4209.16,42
OI-01744,ORD-00805,P005,1,1299,1299,376.71,922.29,1109.35,1109.35,42
OI-01745,ORD-00806,P057,1,649,649,42.19,606.81,337.48,337.48,16
OI-01746,ORD-00806,P052,1,199,199,10.95,188.05,111.24,111.24,16
OI-01747,ORD-00807,P007,1,2199,2199,692.69,1506.31,1662.44,1662.44,42
OI-01748,ORD-00807,P020,1,1899,1899,385.5,1513.5,979.88,979.88,24
OI-01749,ORD-00808,P026,1,549,549,104.31,444.69,332.01,332.01,31
OI-01750,ORD-00808,P060,2,649,1298,71.39,1226.61,362.79,725.58,32
OI-01751,ORD-00809,P033,1,2299,2299,413.82,1885.18,1356.41,1356.41,31
OI-01752,ORD-00809,P008,1,3499,3499,1084.69,2414.31,2708.23,2708.23,42
OI-01753,ORD-00810,P057,1,649,649,64.9,584.1,337.48,337.48,16
OI-01754,ORD-00810,P034,1,849,849,208,641,513.43,513.43,31
OI-01755,ORD-00810,P002,1,2199,2199,670.7,1528.3,1838.36,1838.36,42
OI-01756,ORD-00811,P025,1,2299,2299,413.82,1885.18,1356.41,1356.41,31
OI-01757,ORD-00811,P041,1,899,899,83.61,815.39,386.57,386.57,19
OI-01758,ORD-00812,P009,1,3499,3499,944.73,2554.27,2519.28,2519.28,42
OI-01759,ORD-00812,P054,1,299,299,19.44,279.56,159.37,159.37,16
OI-01760,ORD-00813,P019,1,1399,1399,297.99,1101.01,705.1,705.1,24
OI-01761,ORD-00813,P052,1,199,199,17.91,181.09,111.24,111.24,16
OI-01762,ORD-00814,P047,1,349,349,21.99,327.01,157.57,157.57,19
OI-01763,ORD-00814,P005,1,1299,1299,376.71,922.29,1109.35,1109.35,42
OI-01764,ORD-00815,P034,1,849,849,161.31,687.69,513.43,513.43,31
OI-01765,ORD-00815,P051,1,449,449,20.21,428.79,245.15,245.15,16
OI-01766,ORD-00816,P029,1,849,849,208,641,500.91,500.91,31
OI-01767,ORD-00816,P015,1,1399,1399,297.99,1101.01,705.1,705.1,24
OI-01768,ORD-00816,P056,1,449,449,35.92,413.08,250.99,250.99,16
OI-01769,ORD-00817,P056,1,449,449,11.23,437.77,250.99,250.99,16
OI-01770,ORD-00817,P057,2,649,1298,97.35,1200.65,337.48,674.96,32
OI-01771,ORD-00818,P002,1,2199,2199,593.73,1605.27,1838.36,1838.36,42
OI-01772,ORD-00818,P010,1,2199,2199,681.69,1517.31,1622.86,1622.86,42
OI-01773,ORD-00819,P042,1,899,899,115.07,783.93,396.23,396.23,19
OI-01774,ORD-00819,P031,1,2299,2299,471.29,1827.71,1424.23,1424.23,31
OI-01775,ORD-00820,P009,1,3499,3499,1084.69,2414.31,2519.28,2519.28,42
OI-01776,ORD-00820,P017,1,1899,1899,357.01,1541.99,911.52,911.52,24
OI-01777,ORD-00821,P033,1,2299,2299,505.78,1793.22,1356.41,1356.41,31
OI-01778,ORD-00821,P055,1,449,449,33.68,415.32,245.15,245.15,16
OI-01779,ORD-00822,P019,2,1399,2798,595.97,2202.03,705.1,1410.2,48
OI-01780,ORD-00822,P043,1,1199,1199,117.5,1081.5,541.35,541.35,19
OI-01781,ORD-00822,P056,1,449,449,26.94,422.06,250.99,250.99,16
OI-01782,ORD-00823,P040,1,1199,1199,63.55,1135.45,554.24,554.24,19
OI-01783,ORD-00823,P040,1,1199,1199,123.5,1075.5,554.24,554.24,19
OI-01784,ORD-00824,P001,2,3499,6998,1994.43,5003.57,2904.17,5808.34,84
OI-01785,ORD-00824,P003,1,4999,4999,1524.7,3474.3,4209.16,4209.16,42
OI-01786,ORD-00825,P003,1,4999,4999,1399.72,3599.28,4209.16,4209.16,42
OI-01787,ORD-00825,P055,1,449,449,33.68,415.32,245.15,245.15,16
OI-01788,ORD-00826,P030,2,849,1698,356.58,1341.42,513.43,1026.86,62
OI-01789,ORD-00826,P041,1,899,899,92.6,806.4,386.57,386.57,19
OI-01790,ORD-00827,P025,1,2299,2299,448.31,1850.69,1356.41,1356.41,31
OI-01791,ORD-00827,P011,1,1299,1299,422.18,876.82,982.04,982.04,42
OI-01792,ORD-00828,P002,1,2199,2199,659.7,1539.3,1838.36,1838.36,42
OI-01793,ORD-00828,P004,2,4999,9998,3099.38,6898.62,4239.15,8478.3,84
OI-01794,ORD-00828,P058,1,649,649,29.21,619.79,345.92,345.92,16
OI-01795,ORD-00829,P028,1,1299,1299,246.81,1052.19,823.89,823.89,31
OI-01796,ORD-00829,P034,2,849,1698,322.62,1375.38,513.43,1026.86,62
OI-01797,ORD-00830,P031,2,2299,4598,1126.51,3471.49,1424.23,2848.46,62
OI-01798,ORD-00830,P005,1,1299,1299,422.18,876.82,1109.35,1109.35,42
OI-01799,ORD-00831,P036,1,1299,1299,285.78,1013.22,823.89,823.89,31
OI-01800,ORD-00831,P001,1,3499,3499,1049.7,2449.3,2904.17,2904.17,42
OI-01801,ORD-00832,P036,1,1299,1299,285.78,1013.22,823.89,823.89,31
OI-01802,ORD-00832,P058,1,649,649,16.23,632.77,345.92,345.92,16
OI-01803,ORD-00833,P019,1,1399,1399,311.98,1087.02,705.1,705.1,24
OI-01804,ORD-00833,P038,1,599,599,52.71,546.29,264.01,264.01,19
OI-01805,ORD-00834,P022,1,699,699,103.45,595.55,343.91,343.91,24
OI-01806,ORD-00834,P020,2,1899,3798,600.08,3197.92,979.88,1959.76,48
OI-01807,ORD-00834,P010,1,2199,2199,681.69,1517.31,1622.86,1622.86,42
OI-01808,ORD-00835,P009,1,3499,3499,944.73,2554.27,2519.28,2519.28,42
OI-01809,ORD-00835,P051,1,449,449,33.68,415.32,245.15,245.15,16
OI-01810,ORD-00836,P004,1,4999,4999,1624.68,3374.32,4239.15,4239.15,42
OI-01811,ORD-00836,P001,1,3499,3499,1137.18,2361.82,2904.17,2904.17,42
OI-01812,ORD-00837,P054,1,299,299,13.46,285.54,159.37,159.37,16
OI-01813,ORD-00837,P022,1,699,699,117.43,581.57,343.91,343.91,24
OI-01814,ORD-00838,P055,1,449,449,24.7,424.3,245.15,245.15,16
OI-01815,ORD-00838,P012,1,1299,1299,363.72,935.28,1005.43,1005.43,42
OI-01816,ORD-00839,P012,1,1299,1299,409.19,889.81,1005.43,1005.43,42
OI-01817,ORD-00839,P001,1,3499,3499,997.22,2501.78,2904.17,2904.17,42
OI-01818,ORD-00840,P048,1,1199,1199,123.5,1075.5,554.24,554.24,19
OI-01819,ORD-00840,P036,1,1299,1299,259.8,1039.2,823.89,823.89,31
OI-01820,ORD-00840,P042,1,899,899,74.62,824.38,396.23,396.23,19
OI-01821,ORD-00841,P028,1,1299,1299,272.79,1026.21,823.89,823.89,31
OI-01822,ORD-00841,P039,2,1199,2398,223.01,2174.99,541.35,1082.7,38
OI-01823,ORD-00842,P035,1,1299,1299,253.31,1045.69,804.73,804.73,31
OI-01824,ORD-00842,P009,1,3499,3499,1172.17,2326.83,2519.28,2519.28,42
OI-01825,ORD-00843,P009,1,3499,3499,909.74,2589.26,2519.28,2519.28,42
OI-01826,ORD-00843,P002,1,2199,2199,637.71,1561.29,1838.36,1838.36,42
OI-01827,ORD-00844,P021,2,999,1998,315.68,1682.32,479.52,959.04,48
OI-01828,ORD-00844,P013,1,999,999,197.8,801.2,479.52,479.52,24
OI-01829,ORD-00845,P002,1,2199,2199,670.7,1528.3,1838.36,1838.36,42
OI-01830,ORD-00845,P013,2,999,1998,445.55,1552.45,479.52,959.04,48
OI-01831,ORD-00846,P001,1,3499,3499,1014.71,2484.29,2904.17,2904.17,42
OI-01832,ORD-00846,P016,1,1399,1399,235.03,1163.97,721.88,721.88,24
OI-01833,ORD-00846,P040,1,1199,1199,63.55,1135.45,554.24,554.24,19
OI-01834,ORD-00847,P036,1,1299,1299,246.81,1052.19,823.89,823.89,31
OI-01835,ORD-00847,P002,1,2199,2199,659.7,1539.3,1838.36,1838.36,42
OI-01836,ORD-00848,P049,1,649,649,58.41,590.59,337.48,337.48,16
OI-01837,ORD-00848,P004,1,4999,4999,1524.7,3474.3,4239.15,4239.15,42
OI-01838,ORD-00849,P059,1,449,449,11.23,437.77,245.15,245.15,16
OI-01839,ORD-00849,P027,1,849,849,161.31,687.69,525.96,525.96,31
OI-01840,ORD-00850,P006,2,3499,6998,1819.48,5178.52,2582.26,5164.52,84
OI-01841,ORD-00850,P009,1,3499,3499,1014.71,2484.29,2519.28,2519.28,42
OI-01842,ORD-00851,P044,1,1199,1199,93.52,1105.48,554.24,554.24,19
OI-01843,ORD-00851,P012,1,1299,1299,370.22,928.78,1005.43,1005.43,42
OI-01844,ORD-00852,P006,2,3499,6998,1959.44,5038.56,2582.26,5164.52,84
OI-01845,ORD-00852,P012,1,1299,1299,376.71,922.29,1005.43,1005.43,42
OI-01846,ORD-00852,P031,1,2299,2299,505.78,1793.22,1424.23,1424.23,31
OI-01847,ORD-00853,P038,1,599,599,43.73,555.27,264.01,264.01,19
OI-01848,ORD-00853,P027,2,849,1698,373.56,1324.44,525.96,1051.92,62
OI-01849,ORD-00854,P005,1,1299,1299,409.19,889.81,1109.35,1109.35,42
OI-01850,ORD-00854,P037,1,349,349,44.67,304.33,150.07,150.07,19
OI-01851,ORD-00855,P049,1,649,649,16.23,632.77,337.48,337.48,16
OI-01852,ORD-00855,P036,1,1299,1299,285.78,1013.22,823.89,823.89,31
OI-01853,ORD-00856,P002,1,2199,2199,637.71,1561.29,1838.36,1838.36,42
OI-01854,ORD-00856,P009,1,3499,3499,979.72,2519.28,2519.28,2519.28,42
OI-01855,ORD-00857,P037,1,349,349,27.22,321.78,150.07,150.07,19
OI-01856,ORD-00857,P030,2,849,1698,348.09,1349.91,513.43,1026.86,62
OI-01857,ORD-00858,P026,1,549,549,93.33,455.67,332.01,332.01,31
OI-01858,ORD-00858,P019,1,1399,1399,249.02,1149.98,705.1,705.1,24
OI-01859,ORD-00858,P050,1,649,649,29.21,619.79,345.92,345.92,16
OI-01860,ORD-00859,P007,1,2199,2199,571.74,1627.26,1662.44,1662.44,42
OI-01861,ORD-00859,P029,1,849,849,161.31,687.69,500.91,500.91,31
OI-01862,ORD-00860,P001,1,3499,3499,1067.2,2431.8,2904.17,2904.17,42
OI-01863,ORD-00860,P017,1,1899,1899,404.49,1494.51,911.52,911.52,24
OI-01864,ORD-00861,P043,1,1199,1199,111.51,1087.49,541.35,541.35,19
OI-01865,ORD-00861,P020,1,1899,1899,338.02,1560.98,979.88,979.88,24
OI-01866,ORD-00862,P012,1,1299,1299,376.71,922.29,1005.43,1005.43,42
OI-01867,ORD-00862,P029,1,849,849,178.29,670.71,500.91,500.91,31
OI-01868,ORD-00863,P001,1,3499,3499,1102.19,2396.81,2904.17,2904.17,42
OI-01869,ORD-00863,P010,1,2199,2199,714.68,1484.32,1622.86,1622.86,42
OI-01870,ORD-00864,P037,1,349,349,35.95,313.05,150.07,150.07,19
OI-01871,ORD-00864,P049,1,649,649,22.72,626.28,337.48,337.48,16
OI-01872,ORD-00864,P028,1,1299,1299,246.81,1052.19,823.89,823.89,31
OI-01873,ORD-00865,P034,2,849,1698,365.07,1332.93,513.43,1026.86,62
OI-01874,ORD-00865,P054,1,299,299,14.95,284.05,159.37,159.37,16
OI-01875,ORD-00866,P038,1,599,599,31.75,567.25,264.01,264.01,19
OI-01876,ORD-00866,P022,1,699,699,124.42,574.58,343.91,343.91,24
OI-01877,ORD-00867,P036,1,1299,1299,233.82,1065.18,823.89,823.89,31
OI-01878,ORD-00867,P004,1,4999,4999,1499.7,3499.3,4239.15,4239.15,42
OI-01879,ORD-00868,P044,1,1199,1199,105.51,1093.49,554.24,554.24,19
OI-01880,ORD-00868,P005,1,1299,1299,435.17,863.83,1109.35,1109.35,42
OI-01881,ORD-00869,P020,1,1899,1899,281.05,1617.95,979.88,979.88,24
OI-01882,ORD-00869,P013,1,999,999,157.84,841.16,479.52,479.52,24
OI-01883,ORD-00870,P022,2,699,1398,276.8,1121.2,343.91,687.82,48
OI-01884,ORD-00870,P021,1,999,999,157.84,841.16,479.52,479.52,24
OI-01885,ORD-00870,P025,2,2299,4598,827.64,3770.36,1356.41,2712.82,62
OI-01886,ORD-00871,P002,1,2199,2199,626.72,1572.28,1838.36,1838.36,42
OI-01887,ORD-00871,P007,1,2199,2199,626.72,1572.28,1662.44,1662.44,42
OI-01888,ORD-00872,P030,1,849,849,169.8,679.2,513.43,513.43,31
OI-01889,ORD-00872,P031,1,2299,2299,505.78,1793.22,1424.23,1424.23,31
OI-01890,ORD-00873,P013,1,999,999,197.8,801.2,479.52,479.52,24
OI-01891,ORD-00873,P003,1,4999,4999,1299.74,3699.26,4209.16,4209.16,42
OI-01892,ORD-00874,P050,1,649,649,58.41,590.59,345.92,345.92,16
OI-01893,ORD-00874,P003,2,4999,9998,3149.37,6848.63,4209.16,8418.32,84
OI-01894,ORD-00875,P001,1,3499,3499,1014.71,2484.29,2904.17,2904.17,42
OI-01895,ORD-00875,P024,2,999,1998,295.7,1702.3,515.48,1030.96,48
OI-01896,ORD-00876,P010,1,2199,2199,681.69,1517.31,1622.86,1622.86,42
OI-01897,ORD-00876,P036,1,1299,1299,233.82,1065.18,823.89,823.89,31
OI-01898,ORD-00876,P042,1,899,899,92.6,806.4,396.23,396.23,19
OI-01899,ORD-00877,P036,1,1299,1299,253.31,1045.69,823.89,823.89,31
OI-01900,ORD-00877,P006,2,3499,6998,2064.41,4933.59,2582.26,5164.52,84
OI-01901,ORD-00878,P041,1,899,899,47.65,851.35,386.57,386.57,19
OI-01902,ORD-00878,P010,1,2199,2199,615.72,1583.28,1622.86,1622.86,42
OI-01903,ORD-00879,P016,1,1399,1399,221.04,1177.96,721.88,721.88,24
OI-01904,ORD-00879,P032,1,549,549,120.78,428.22,348.2,348.2,31
OI-01905,ORD-00880,P003,2,4999,9998,2849.43,7148.57,4209.16,8418.32,84
OI-01906,ORD-00880,P002,1,2199,2199,648.71,1550.29,1838.36,1838.36,42
OI-01907,ORD-00881,P057,1,649,649,42.19,606.81,337.48,337.48,16
OI-01908,ORD-00881,P048,1,1199,1199,75.54,1123.46,554.24,554.24,19
OI-01909,ORD-00882,P028,1,1299,1299,272.79,1026.21,823.89,823.89,31
OI-01910,ORD-00882,P049,1,649,649,42.19,606.81,337.48,337.48,16
OI-01911,ORD-00882,P050,1,649,649,22.72,626.28,345.92,345.92,16
OI-01912,ORD-00883,P018,1,1899,1899,328.53,1570.47,934.31,934.31,24
OI-01913,ORD-00883,P001,1,3499,3499,1172.17,2326.83,2904.17,2904.17,42
OI-01914,ORD-00884,P023,1,999,999,157.84,841.16,503.5,503.5,24
OI-01915,ORD-00884,P048,1,1199,1199,87.53,1111.47,554.24,554.24,19
OI-01916,ORD-00885,P041,1,899,899,92.6,806.4,386.57,386.57,19
OI-01917,ORD-00885,P032,1,549,549,104.31,444.69,348.2,348.2,31
OI-01918,ORD-00886,P058,1,649,649,45.43,603.57,345.92,345.92,16
OI-01919,ORD-00886,P035,1,1299,1299,266.29,1032.71,804.73,804.73,31
OI-01920,ORD-00887,P043,1,1199,1199,75.54,1123.46,541.35,541.35,19
OI-01921,ORD-00887,P022,1,699,699,124.42,574.58,343.91,343.91,24
OI-01922,ORD-00888,P006,1,3499,3499,1014.71,2484.29,2582.26,2582.26,42
OI-01923,ORD-00888,P043,1,1199,1199,99.52,1099.48,541.35,541.35,19
OI-01924,ORD-00888,P059,1,449,449,33.68,415.32,245.15,245.15,16
OI-01925,ORD-00889,P041,1,899,899,79.11,819.89,386.57,386.57,19
OI-01926,ORD-00889,P031,2,2299,4598,1080.53,3517.47,1424.23,2848.46,62
OI-01927,ORD-00890,P058,1,649,649,29.21,619.79,345.92,345.92,16
OI-01928,ORD-00890,P011,1,1299,1299,389.7,909.3,982.04,982.04,42
OI-01929,ORD-00891,P052,2,199,398,29.85,368.15,111.24,222.48,32
OI-01930,ORD-00891,P022,1,699,699,103.45,595.55,343.91,343.91,24
OI-01931,ORD-00892,P021,1,999,999,222.78,776.22,479.52,479.52,24
OI-01932,ORD-00892,P038,1,599,599,70.68,528.32,264.01,264.01,19
OI-01933,ORD-00893,P058,1,649,649,48.68,600.32,345.92,345.92,16
OI-01934,ORD-00893,P055,1,449,449,33.68,415.32,245.15,245.15,16
OI-01935,ORD-00894,P010,1,2199,2199,615.72,1583.28,1622.86,1622.86,42
OI-01936,ORD-00894,P010,2,2199,4398,1187.46,3210.54,1622.86,3245.72,84
OI-01937,ORD-00894,P003,2,4999,9998,2599.48,7398.52,4209.16,8418.32,84
OI-01938,ORD-00895,P028,1,1299,1299,305.26,993.74,823.89,823.89,31
OI-01939,ORD-00895,P022,1,699,699,141.9,557.1,343.91,343.91,24
OI-01940,ORD-00896,P028,1,1299,1299,220.83,1078.17,823.89,823.89,31
OI-01941,ORD-00896,P021,1,999,999,177.82,821.18,479.52,479.52,24
OI-01942,ORD-00897,P048,1,1199,1199,63.55,1135.45,554.24,554.24,19
OI-01943,ORD-00897,P002,2,2199,4398,1319.4,3078.6,1838.36,3676.72,84
OI-01944,ORD-00898,P016,1,1399,1399,242.03,1156.97,721.88,721.88,24
OI-01945,ORD-00898,P011,2,1299,2598,870.33,1727.67,982.04,1964.08,84
OI-01946,ORD-00899,P010,1,2199,2199,681.69,1517.31,1622.86,1622.86,42
OI-01947,ORD-00899,P027,1,849,849,152.82,696.18,525.96,525.96,31
OI-01948,ORD-00900,P020,1,1899,1899,357.01,1541.99,979.88,979.88,24
OI-01949,ORD-00900,P051,2,449,898,49.39,848.61,245.15,490.3,32
OI-01950,ORD-00900,P052,1,199,199,4.98,194.02,111.24,111.24,16
OI-01951,ORD-00901,P005,2,1299,2598,766.41,1831.59,1109.35,2218.7,84
OI-01952,ORD-00901,P060,1,649,649,32.45,616.55,362.79,362.79,16
OI-01953,ORD-00902,P034,2,849,1698,339.6,1358.4,513.43,1026.86,62
OI-01954,ORD-00902,P055,1,449,449,29.19,419.81,245.15,245.15,16
OI-01955,ORD-00903,P003,1,4999,4999,1399.72,3599.28,4209.16,4209.16,42
OI-01956,ORD-00903,P035,1,1299,1299,233.82,1065.18,804.73,804.73,31
OI-01957,ORD-00904,P046,2,599,1198,153.34,1044.66,264.01,528.02,38
OI-01958,ORD-00904,P001,1,3499,3499,1032.21,2466.79,2904.17,2904.17,42
OI-01959,ORD-00905,P021,1,999,999,167.83,831.17,479.52,479.52,24
OI-01960,ORD-00905,P033,1,2299,2299,390.83,1908.17,1356.41,1356.41,31
OI-01961,ORD-00906,P003,1,4999,4999,1424.72,3574.28,4209.16,4209.16,42
OI-01962,ORD-00906,P024,1,999,999,192.81,806.19,515.48,515.48,24
OI-01963,ORD-00906,P010,1,2199,2199,670.7,1528.3,1622.86,1622.86,42
OI-01964,ORD-00907,P059,2,449,898,31.43,866.57,245.15,490.3,32
OI-01965,ORD-00907,P033,1,2299,2299,436.81,1862.19,1356.41,1356.41,31
OI-01966,ORD-00908,P002,1,2199,2199,593.73,1605.27,1838.36,1838.36,42
OI-01967,ORD-00908,P027,1,849,849,144.33,704.67,525.96,525.96,31
OI-01968,ORD-00909,P030,2,849,1698,348.09,1349.91,513.43,1026.86,62
OI-01969,ORD-00909,P032,1,549,549,118.03,430.97,348.2,348.2,31
OI-01970,ORD-00910,P010,1,2199,2199,571.74,1627.26,1622.86,1622.86,42
OI-01971,ORD-00910,P015,2,1399,2798,554,2244,705.1,1410.2,48
OI-01972,ORD-00911,P036,1,1299,1299,233.82,1065.18,823.89,823.89,31
OI-01973,ORD-00911,P001,1,3499,3499,944.73,2554.27,2904.17,2904.17,42
OI-01974,ORD-00912,P006,1,3499,3499,1172.17,2326.83,2582.26,2582.26,42
OI-01975,ORD-00912,P029,1,849,849,174.04,674.96,500.91,500.91,31
OI-01976,ORD-00912,P020,1,1899,1899,385.5,1513.5,979.88,979.88,24
OI-01977,ORD-00913,P030,1,849,849,169.8,679.2,513.43,513.43,31
OI-01978,ORD-00913,P030,1,849,849,178.29,670.71,513.43,513.43,31
OI-01979,ORD-00914,P038,1,599,599,49.72,549.28,264.01,264.01,19
OI-01980,ORD-00914,P001,2,3499,6998,2099.4,4898.6,2904.17,5808.34,84
OI-01981,ORD-00915,P054,1,299,299,26.91,272.09,159.37,159.37,16
OI-01982,ORD-00915,P027,2,849,1698,365.07,1332.93,525.96,1051.92,62
OI-01983,ORD-00916,P054,2,299,598,38.87,559.13,159.37,318.74,32
OI-01984,ORD-00916,P005,1,1299,1299,363.72,935.28,1109.35,1109.35,42
OI-01985,ORD-00917,P050,1,649,649,35.7,613.3,345.92,345.92,16
OI-01986,ORD-00917,P048,1,1199,1199,75.54,1123.46,554.24,554.24,19
OI-01987,ORD-00918,P020,1,1899,1899,328.53,1570.47,979.88,979.88,24
OI-01988,ORD-00918,P054,1,299,299,20.93,278.07,159.37,159.37,16
OI-01989,ORD-00918,P034,2,849,1698,416.01,1281.99,513.43,1026.86,62
OI-01990,ORD-00919,P060,1,649,649,42.19,606.81,362.79,362.79,16
OI-01991,ORD-00919,P011,1,1299,1299,350.73,948.27,982.04,982.04,42
OI-01992,ORD-00920,P038,1,599,599,61.7,537.3,264.01,264.01,19
OI-01993,ORD-00920,P020,1,1899,1899,281.05,1617.95,979.88,979.88,24
OI-01994,ORD-00921,P033,2,2299,4598,1034.55,3563.45,1356.41,2712.82,62
OI-01995,ORD-00921,P034,1,849,849,191.03,657.97,513.43,513.43,31
OI-01996,ORD-00922,P053,2,299,598,20.93,577.07,155.48,310.96,32
OI-01997,ORD-00922,P004,1,4999,4999,1349.73,3649.27,4239.15,4239.15,42
OI-01998,ORD-00923,P020,1,1899,1899,300.04,1598.96,979.88,979.88,24
OI-01999,ORD-00923,P006,1,3499,3499,1049.7,2449.3,2582.26,2582.26,42
OI-02000,ORD-00924,P056,1,449,449,35.92,413.08,250.99,250.99,16
OI-02001,ORD-00924,P053,1,299,299,14.95,284.05,155.48,155.48,16
OI-02002,ORD-00924,P022,1,699,699,155.88,543.12,343.91,343.91,24
OI-02003,ORD-00925,P006,1,3499,3499,1049.7,2449.3,2582.26,2582.26,42
OI-02004,ORD-00925,P059,1,449,449,20.21,428.79,245.15,245.15,16
OI-02005,ORD-00926,P034,2,849,1698,356.58,1341.42,513.43,1026.86,62
OI-02006,ORD-00926,P013,1,999,999,177.82,821.18,479.52,479.52,24
OI-02007,ORD-00927,P006,1,3499,3499,1172.17,2326.83,2582.26,2582.26,42
OI-02008,ORD-00927,P009,1,3499,3499,1032.21,2466.79,2519.28,2519.28,42
OI-02009,ORD-00928,P001,1,3499,3499,979.72,2519.28,2904.17,2904.17,42
OI-02010,ORD-00928,P002,1,2199,2199,615.72,1583.28,1838.36,1838.36,42
OI-02011,ORD-00929,P017,1,1899,1899,338.02,1560.98,911.52,911.52,24
OI-02012,ORD-00929,P042,1,899,899,74.62,824.38,396.23,396.23,19
OI-02013,ORD-00930,P051,1,449,449,26.94,422.06,245.15,245.15,16
OI-02014,ORD-00930,P023,2,999,1998,425.57,1572.43,503.5,1007,48
OI-02015,ORD-00930,P013,1,999,999,202.8,796.2,479.52,479.52,24
OI-02016,ORD-00931,P023,1,999,999,147.85,851.15,503.5,503.5,24
OI-02017,ORD-00931,P026,2,549,1098,230.58,867.42,332.01,664.02,62
OI-02018,ORD-00932,P049,1,649,649,29.21,619.79,337.48,337.48,16
OI-02019,ORD-00932,P011,1,1299,1299,376.71,922.29,982.04,982.04,42
OI-02020,ORD-00933,P003,1,4999,4999,1574.69,3424.31,4209.16,4209.16,42
OI-02021,ORD-00933,P033,1,2299,2299,563.25,1735.75,1356.41,1356.41,31
OI-02022,ORD-00934,P002,2,2199,4398,1143.48,3254.52,1838.36,3676.72,84
OI-02023,ORD-00934,P018,1,1899,1899,300.04,1598.96,934.31,934.31,24
OI-02024,ORD-00935,P011,1,1299,1299,337.74,961.26,982.04,982.04,42
OI-02025,ORD-00935,P022,1,699,699,117.43,581.57,343.91,343.91,24
OI-02026,ORD-00936,P023,1,999,999,172.83,826.17,503.5,503.5,24
OI-02027,ORD-00936,P013,1,999,999,192.81,806.19,479.52,479.52,24
OI-02028,ORD-00936,P007,1,2199,2199,670.7,1528.3,1662.44,1662.44,42
OI-02029,ORD-00937,P005,2,1299,2598,805.38,1792.62,1109.35,2218.7,84
OI-02030,ORD-00937,P019,1,1399,1399,221.04,1177.96,705.1,705.1,24
OI-02031,ORD-00938,P047,2,349,698,43.97,654.03,157.57,315.14,38
OI-02032,ORD-00938,P032,1,549,549,120.78,428.22,348.2,348.2,31
OI-02033,ORD-00939,P008,1,3499,3499,1137.18,2361.82,2708.23,2708.23,42
OI-02034,ORD-00939,P012,1,1299,1299,396.2,902.8,1005.43,1005.43,42
OI-02035,ORD-00940,P009,1,3499,3499,944.73,2554.27,2519.28,2519.28,42
OI-02036,ORD-00940,P009,1,3499,3499,944.73,2554.27,2519.28,2519.28,42
OI-02037,ORD-00941,P025,2,2299,4598,873.62,3724.38,1356.41,2712.82,62
OI-02038,ORD-00941,P034,1,849,849,169.8,679.2,513.43,513.43,31
OI-02039,ORD-00942,P060,1,649,649,32.45,616.55,362.79,362.79,16
OI-02040,ORD-00942,P019,1,1399,1399,242.03,1156.97,705.1,705.1,24
OI-02041,ORD-00942,P030,1,849,849,199.51,649.49,513.43,513.43,31
OI-02042,ORD-00943,P009,1,3499,3499,944.73,2554.27,2519.28,2519.28,42
OI-02043,ORD-00943,P003,1,4999,4999,1549.69,3449.31,4209.16,4209.16,42
OI-02044,ORD-00944,P031,1,2299,2299,390.83,1908.17,1424.23,1424.23,31
OI-02045,ORD-00944,P015,1,1399,1399,207.05,1191.95,705.1,705.1,24
OI-02046,ORD-00945,P022,1,699,699,134.91,564.09,343.91,343.91,24
OI-02047,ORD-00945,P004,1,4999,4999,1424.72,3574.28,4239.15,4239.15,42
OI-02048,ORD-00946,P009,1,3499,3499,909.74,2589.26,2519.28,2519.28,42
OI-02049,ORD-00946,P021,1,999,999,187.81,811.19,479.52,479.52,24
OI-02050,ORD-00947,P052,1,199,199,10.95,188.05,111.24,111.24,16
OI-02051,ORD-00947,P052,1,199,199,10.95,188.05,111.24,111.24,16
OI-02052,ORD-00948,P045,1,599,599,37.74,561.26,257.57,257.57,19
OI-02053,ORD-00948,P020,1,1899,1899,300.04,1598.96,979.88,979.88,24
OI-02054,ORD-00948,P005,2,1299,2598,701.46,1896.54,1109.35,2218.7,84
OI-02055,ORD-00949,P038,1,599,599,43.73,555.27,264.01,264.01,19
OI-02056,ORD-00949,P009,1,3499,3499,979.72,2519.28,2519.28,2519.28,42
OI-02057,ORD-00950,P012,1,1299,1299,383.21,915.79,1005.43,1005.43,42
OI-02058,ORD-00950,P035,1,1299,1299,279.28,1019.72,804.73,804.73,31
OI-02059,ORD-00951,P043,1,1199,1199,123.5,1075.5,541.35,541.35,19
OI-02060,ORD-00951,P004,2,4999,9998,2699.46,7298.54,4239.15,8478.3,84
OI-02061,ORD-00952,P018,2,1899,3798,676.04,3121.96,934.31,1868.62,48
OI-02062,ORD-00952,P049,2,649,1298,97.35,1200.65,337.48,674.96,32
OI-02063,ORD-00953,P032,1,549,549,112.54,436.46,348.2,348.2,31
OI-02064,ORD-00953,P045,2,599,1198,129.38,1068.62,257.57,515.14,38
OI-02065,ORD-00954,P001,1,3499,3499,944.73,2554.27,2904.17,2904.17,42
OI-02066,ORD-00954,P016,1,1399,1399,235.03,1163.97,721.88,721.88,24
OI-02067,ORD-00954,P041,1,899,899,56.64,842.36,386.57,386.57,19
OI-02068,ORD-00955,P009,1,3499,3499,1084.69,2414.31,2519.28,2519.28,42
OI-02069,ORD-00955,P017,2,1899,3798,600.08,3197.92,911.52,1823.04,48
OI-02070,ORD-00956,P003,2,4999,9998,3349.33,6648.67,4209.16,8418.32,84
OI-02071,ORD-00956,P036,1,1299,1299,331.25,967.75,823.89,823.89,31
OI-02072,ORD-00957,P027,2,849,1698,339.6,1358.4,525.96,1051.92,62
OI-02073,ORD-00957,P045,1,599,599,59.9,539.1,257.57,257.57,19
OI-02074,ORD-00958,P027,2,849,1698,424.5,1273.5,525.96,1051.92,62
OI-02075,ORD-00958,P049,1,649,649,32.45,616.55,337.48,337.48,16
OI-02076,ORD-00959,P001,1,3499,3499,1277.14,2221.86,2904.17,2904.17,42
OI-02077,ORD-00959,P021,2,999,1998,429.57,1568.43,479.52,959.04,48
OI-02078,ORD-00960,P041,2,899,1798,107.88,1690.12,386.57,773.14,38
OI-02079,ORD-00960,P052,1,199,199,11.94,187.06,111.24,111.24,16
OI-02080,ORD-00960,P014,1,1899,1899,360.81,1538.19,934.31,934.31,24
OI-02081,ORD-00961,P033,1,2299,2299,459.8,1839.2,1356.41,1356.41,31
OI-02082,ORD-00961,P003,1,4999,4999,1699.66,3299.34,4209.16,4209.16,42
OI-02083,ORD-00962,P053,1,299,299,19.44,279.56,155.48,155.48,16
OI-02084,ORD-00962,P005,1,1299,1299,487.13,811.87,1109.35,1109.35,42
OI-02085,ORD-00963,P037,1,349,349,34.9,314.1,150.07,150.07,19
OI-02086,ORD-00963,P001,1,3499,3499,1189.66,2309.34,2904.17,2904.17,42
OI-02087,ORD-00964,P057,1,649,649,25.96,623.04,337.48,337.48,16
OI-02088,ORD-00964,P038,1,599,599,59.9,539.1,264.01,264.01,19
OI-02089,ORD-00965,P023,1,999,999,244.75,754.25,503.5,503.5,24
OI-02090,ORD-00965,P017,1,1899,1899,408.28,1490.72,911.52,911.52,24
OI-02091,ORD-00966,P026,1,549,549,120.78,428.22,332.01,332.01,31
OI-02092,ORD-00966,P001,2,3499,6998,2379.32,4618.68,2904.17,5808.34,84
OI-02093,ORD-00966,P048,1,1199,1199,83.93,1115.07,554.24,554.24,19
OI-02094,ORD-00967,P004,1,4999,4999,1799.64,3199.36,4239.15,4239.15,42
OI-02095,ORD-00967,P015,2,1399,2798,503.64,2294.36,705.1,1410.2,48
OI-02096,ORD-00968,P001,1,3499,3499,1277.14,2221.86,2904.17,2904.17,42
OI-02097,ORD-00968,P035,1,1299,1299,357.23,941.77,804.73,804.73,31
OI-02098,ORD-00969,P035,1,1299,1299,285.78,1013.22,804.73,804.73,31
OI-02099,ORD-00969,P003,2,4999,9998,3599.28,6398.72,4209.16,8418.32,84
OI-02100,ORD-00970,P029,1,849,849,178.29,670.71,500.91,500.91,31
OI-02101,ORD-00970,P029,1,849,849,178.29,670.71,500.91,500.91,31
OI-02102,ORD-00971,P059,1,449,449,42.66,406.34,245.15,245.15,16
OI-02103,ORD-00971,P024,1,999,999,214.78,784.22,515.48,515.48,24
OI-02104,ORD-00972,P001,2,3499,6998,2239.36,4758.64,2904.17,5808.34,84
OI-02105,ORD-00972,P039,1,1199,1199,131.89,1067.11,541.35,541.35,19
OI-02106,ORD-00972,P025,1,2299,2299,528.77,1770.23,1356.41,1356.41,31
OI-02107,ORD-00973,P012,1,1299,1299,402.69,896.31,1005.43,1005.43,42
OI-02108,ORD-00973,P048,2,1199,2398,167.86,2230.14,554.24,1108.48,38
OI-02109,ORD-00974,P008,1,3499,3499,1347.12,2151.88,2708.23,2708.23,42
OI-02110,ORD-00974,P039,2,1199,2398,323.73,2074.27,541.35,1082.7,38
OI-02111,ORD-00975,P021,1,999,999,199.8,799.2,479.52,479.52,24
OI-02112,ORD-00975,P001,1,3499,3499,1119.68,2379.32,2904.17,2904.17,42
OI-02113,ORD-00976,P004,1,4999,4999,1699.66,3299.34,4239.15,4239.15,42
OI-02114,ORD-00976,P043,1,1199,1199,71.94,1127.06,541.35,541.35,19
OI-02115,ORD-00977,P040,1,1199,1199,149.88,1049.12,554.24,554.24,19
OI-02116,ORD-00977,P006,1,3499,3499,1347.12,2151.88,2582.26,2582.26,42
OI-02117,ORD-00978,P025,1,2299,2299,551.76,1747.24,1356.41,1356.41,31
OI-02118,ORD-00978,P018,1,1899,1899,341.82,1557.18,934.31,934.31,24
OI-02119,ORD-00978,P028,1,1299,1299,259.8,1039.2,823.89,823.89,31
OI-02120,ORD-00979,P053,1,299,299,14.95,284.05,155.48,155.48,16
OI-02121,ORD-00979,P008,1,3499,3499,1154.67,2344.33,2708.23,2708.23,42
OI-02122,ORD-00980,P009,1,3499,3499,1277.14,2221.86,2519.28,2519.28,42
OI-02123,ORD-00980,P058,1,649,649,42.19,606.81,345.92,345.92,16
OI-02124,ORD-00981,P022,1,699,699,146.79,552.21,343.91,343.91,24
OI-02125,ORD-00981,P001,1,3499,3499,1224.65,2274.35,2904.17,2904.17,42
OI-02126,ORD-00982,P028,1,1299,1299,311.76,987.24,823.89,823.89,31
OI-02127,ORD-00982,P020,2,1899,3798,759.6,3038.4,979.88,1959.76,48
OI-02128,ORD-00983,P046,1,599,599,80.87,518.13,264.01,264.01,19
OI-02129,ORD-00983,P053,1,299,299,19.44,279.56,155.48,155.48,16
OI-02130,ORD-00984,P035,1,1299,1299,298.77,1000.23,804.73,804.73,31
OI-02131,ORD-00984,P008,1,3499,3499,1259.64,2239.36,2708.23,2708.23,42
OI-02132,ORD-00984,P016,2,1399,2798,587.58,2210.42,721.88,1443.76,48
OI-02133,ORD-00985,P006,1,3499,3499,1224.65,2274.35,2582.26,2582.26,42
OI-02134,ORD-00985,P056,2,449,898,53.88,844.12,250.99,501.98,32
OI-02135,ORD-00986,P003,1,4999,4999,1924.62,3074.38,4209.16,4209.16,42
OI-02136,ORD-00986,P011,1,1299,1299,474.14,824.86,982.04,982.04,42
OI-02137,ORD-00987,P042,1,899,899,71.92,827.08,396.23,396.23,19
OI-02138,ORD-00987,P037,1,349,349,24.43,324.57,150.07,150.07,19
OI-02139,ORD-00988,P059,1,449,449,35.92,413.08,245.15,245.15,16
OI-02140,ORD-00988,P054,1,299,299,20.93,278.07,159.37,159.37,16
OI-02141,ORD-00989,P054,1,299,299,20.93,278.07,159.37,159.37,16
OI-02142,ORD-00989,P020,1,1899,1899,322.83,1576.17,979.88,979.88,24
OI-02143,ORD-00990,P041,1,899,899,98.89,800.11,386.57,386.57,19
OI-02144,ORD-00990,P057,2,649,1298,38.94,1259.06,337.48,674.96,32
OI-02145,ORD-00990,P032,1,549,549,120.78,428.22,348.2,348.2,31
OI-02146,ORD-00991,P044,2,1199,2398,227.81,2170.19,554.24,1108.48,38
OI-02147,ORD-00991,P053,1,299,299,31.4,267.6,155.48,155.48,16
OI-02148,ORD-00992,P016,2,1399,2798,615.56,2182.44,721.88,1443.76,48
OI-02149,ORD-00992,P059,1,449,449,22.45,426.55,245.15,245.15,16
OI-02150,ORD-00993,P009,1,3499,3499,1259.64,2239.36,2519.28,2519.28,42
OI-02151,ORD-00993,P010,2,2199,4398,1583.28,2814.72,1622.86,3245.72,84
OI-02152,ORD-00994,P019,1,1399,1399,342.75,1056.25,705.1,705.1,24
OI-02153,ORD-00994,P007,1,2199,2199,824.63,1374.37,1662.44,1662.44,42
OI-02154,ORD-00995,P048,2,1199,2398,239.8,2158.2,554.24,1108.48,38
OI-02155,ORD-00995,P034,1,849,849,169.8,679.2,513.43,513.43,31
OI-02156,ORD-00996,P033,1,2299,2299,459.8,1839.2,1356.41,1356.41,31
OI-02157,ORD-00996,P058,2,649,1298,64.9,1233.1,345.92,691.84,32
OI-02158,ORD-00996,P012,1,1299,1299,428.67,870.33,1005.43,1005.43,42
OI-02159,ORD-00997,P025,1,2299,2299,517.27,1781.73,1356.41,1356.41,31
OI-02160,ORD-00997,P059,1,449,449,38.17,410.83,245.15,245.15,16
OI-02161,ORD-00998,P037,1,349,349,24.43,324.57,150.07,150.07,19
OI-02162,ORD-00998,P044,1,1199,1199,83.93,1115.07,554.24,554.24,19
OI-02163,ORD-00999,P029,1,849,849,169.8,679.2,500.91,500.91,31
OI-02164,ORD-00999,P028,1,1299,1299,324.75,974.25,823.89,823.89,31
OI-02165,ORD-01000,P027,1,849,849,208,641,525.96,525.96,31
OI-02166,ORD-01000,P049,1,649,649,48.68,600.32,337.48,337.48,16
OI-02167,ORD-01001,P037,2,349,698,55.84,642.16,150.07,300.14,38
OI-02168,ORD-01001,P030,1,849,849,212.25,636.75,513.43,513.43,31
OI-02169,ORD-01002,P023,1,999,999,199.8,799.2,503.5,503.5,24
OI-02170,ORD-01002,P017,1,1899,1899,379.8,1519.2,911.52,911.52,24
OI-02171,ORD-01002,P005,1,1299,1299,467.64,831.36,1109.35,1109.35,42
OI-02172,ORD-01003,P003,1,4999,4999,1874.63,3124.37,4209.16,4209.16,42
OI-02173,ORD-01003,P021,1,999,999,224.78,774.22,479.52,479.52,24
OI-02174,ORD-01004,P003,1,4999,4999,1749.65,3249.35,4209.16,4209.16,42
OI-02175,ORD-01004,P019,2,1399,2798,559.6,2238.4,705.1,1410.2,48
OI-02176,ORD-01005,P010,2,2199,4398,1495.32,2902.68,1622.86,3245.72,84
OI-02177,ORD-01005,P020,2,1899,3798,645.66,3152.34,979.88,1959.76,48
OI-02178,ORD-01006,P007,2,2199,4398,1561.29,2836.71,1662.44,3324.88,84
OI-02179,ORD-01006,P018,1,1899,1899,370.31,1528.69,934.31,934.31,24
OI-02180,ORD-01007,P045,1,599,599,35.94,563.06,257.57,257.57,19
OI-02181,ORD-01007,P051,1,449,449,17.96,431.04,245.15,245.15,16
OI-02182,ORD-01008,P013,1,999,999,189.81,809.19,479.52,479.52,24
OI-02183,ORD-01008,P034,1,849,849,212.25,636.75,513.43,513.43,31
OI-02184,ORD-01008,P001,1,3499,3499,1084.69,2414.31,2904.17,2904.17,42
OI-02185,ORD-01009,P023,1,999,999,224.78,774.22,503.5,503.5,24
OI-02186,ORD-01009,P002,1,2199,2199,758.66,1440.34,1838.36,1838.36,42
OI-02187,ORD-01010,P037,2,349,698,62.82,635.18,150.07,300.14,38
OI-02188,ORD-01010,P008,1,3499,3499,1189.66,2309.34,2708.23,2708.23,42
OI-02189,ORD-01011,P004,1,4999,4999,1549.69,3449.31,4239.15,4239.15,42
OI-02190,ORD-01011,P010,1,2199,2199,725.67,1473.33,1622.86,1622.86,42
OI-02191,ORD-01012,P017,1,1899,1899,446.26,1452.74,911.52,911.52,24
OI-02192,ORD-01012,P018,1,1899,1899,389.29,1509.71,934.31,934.31,24
OI-02193,ORD-01013,P003,1,4999,4999,1799.64,3199.36,4209.16,4209.16,42
OI-02194,ORD-01013,P009,1,3499,3499,1119.68,2379.32,2519.28,2519.28,42
OI-02195,ORD-01014,P022,1,699,699,139.8,559.2,343.91,343.91,24
OI-02196,ORD-01014,P054,1,299,299,20.93,278.07,159.37,159.37,16
OI-02197,ORD-01014,P052,2,199,398,23.88,374.12,111.24,222.48,32
OI-02198,ORD-01015,P037,1,349,349,33.16,315.84,150.07,150.07,19
OI-02199,ORD-01015,P048,1,1199,1199,161.87,1037.13,554.24,554.24,19
OI-02200,ORD-01016,P002,2,2199,4398,1539.3,2858.7,1838.36,3676.72,84
OI-02201,ORD-01016,P059,1,449,449,35.92,413.08,245.15,245.15,16
OI-02202,ORD-01017,P001,2,3499,6998,2449.3,4548.7,2904.17,5808.34,84
OI-02203,ORD-01017,P005,1,1299,1299,428.67,870.33,1109.35,1109.35,42
OI-02204,ORD-01018,P010,1,2199,2199,802.64,1396.36,1622.86,1622.86,42
OI-02205,ORD-01018,P041,2,899,1798,152.83,1645.17,386.57,773.14,38
OI-02206,ORD-01019,P027,1,849,849,195.27,653.73,525.96,525.96,31
OI-02207,ORD-01019,P025,1,2299,2299,459.8,1839.2,1356.41,1356.41,31
OI-02208,ORD-01020,P055,1,449,449,26.94,422.06,245.15,245.15,16
OI-02209,ORD-01020,P004,1,4999,4999,1649.67,3349.33,4239.15,4239.15,42
OI-02210,ORD-01020,P002,1,2199,2199,791.64,1407.36,1838.36,1838.36,42
OI-02211,ORD-01021,P009,1,3499,3499,1242.15,2256.85,2519.28,2519.28,42
OI-02212,ORD-01021,P025,1,2299,2299,517.27,1781.73,1356.41,1356.41,31
OI-02213,ORD-01022,P047,1,349,349,31.41,317.59,157.57,157.57,19
OI-02214,ORD-01022,P053,1,299,299,17.94,281.06,155.48,155.48,16
OI-02215,ORD-01023,P047,1,349,349,27.92,321.08,157.57,157.57,19
OI-02216,ORD-01023,P016,1,1399,1399,293.79,1105.21,721.88,721.88,24
OI-02217,ORD-01024,P007,1,2199,2199,846.62,1352.38,1662.44,1662.44,42
OI-02218,ORD-01024,P042,1,899,899,76.42,822.58,396.23,396.23,19
OI-02219,ORD-01025,P043,1,1199,1199,131.89,1067.11,541.35,541.35,19
OI-02220,ORD-01025,P029,1,849,849,186.78,662.22,500.91,500.91,31
OI-02221,ORD-01026,P019,1,1399,1399,237.83,1161.17,705.1,705.1,24
OI-02222,ORD-01026,P053,1,299,299,23.92,275.08,155.48,155.48,16
OI-02223,ORD-01026,P008,2,3499,6998,2449.3,4548.7,2708.23,5416.46,84
OI-02224,ORD-01027,P028,2,1299,2598,584.55,2013.45,823.89,1647.78,62
OI-02225,ORD-01027,P015,1,1399,1399,342.75,1056.25,705.1,705.1,24
OI-02226,ORD-01028,P001,2,3499,6998,2519.28,4478.72,2904.17,5808.34,84
OI-02227,ORD-01028,P007,1,2199,2199,681.69,1517.31,1662.44,1662.44,42
OI-02228,ORD-01029,P042,1,899,899,62.93,836.07,396.23,396.23,19
OI-02229,ORD-01029,P035,1,1299,1299,272.79,1026.21,804.73,804.73,31
OI-02230,ORD-01030,P045,1,599,599,65.89,533.11,257.57,257.57,19
OI-02231,ORD-01030,P022,2,699,1398,251.64,1146.36,343.91,687.82,48
OI-02232,ORD-01031,P045,1,599,599,35.94,563.06,257.57,257.57,19
OI-02233,ORD-01031,P027,1,849,849,178.29,670.71,525.96,525.96,31
OI-02234,ORD-01032,P048,1,1199,1199,161.87,1037.13,554.24,554.24,19
OI-02235,ORD-01032,P009,1,3499,3499,1277.14,2221.86,2519.28,2519.28,42
OI-02236,ORD-01032,P054,1,299,299,22.43,276.57,159.37,159.37,16
OI-02237,ORD-01033,P009,1,3499,3499,1259.64,2239.36,2519.28,2519.28,42
OI-02238,ORD-01033,P009,2,3499,6998,2309.34,4688.66,2519.28,5038.56,84
OI-02239,ORD-01034,P036,1,1299,1299,259.8,1039.2,823.89,823.89,31
OI-02240,ORD-01034,P059,1,449,449,26.94,422.06,245.15,245.15,16
OI-02241,ORD-01035,P050,1,649,649,55.17,593.83,345.92,345.92,16
OI-02242,ORD-01035,P057,1,649,649,55.17,593.83,337.48,337.48,16
OI-02243,ORD-01036,P005,1,1299,1299,415.68,883.32,1109.35,1109.35,42
OI-02244,ORD-01036,P016,1,1399,1399,307.78,1091.22,721.88,721.88,24
OI-02245,ORD-01037,P033,1,2299,2299,505.78,1793.22,1356.41,1356.41,31
OI-02246,ORD-01037,P003,1,4999,4999,1599.68,3399.32,4209.16,4209.16,42
OI-02247,ORD-01038,P005,1,1299,1299,474.14,824.86,1109.35,1109.35,42
OI-02248,ORD-01038,P002,1,2199,2199,846.62,1352.38,1838.36,1838.36,42
OI-02249,ORD-01038,P005,2,1299,2598,896.31,1701.69,1109.35,2218.7,84
OI-02250,ORD-01039,P028,1,1299,1299,272.79,1026.21,823.89,823.89,31
OI-02251,ORD-01039,P008,1,3499,3499,1189.66,2309.34,2708.23,2708.23,42
OI-02252,ORD-01040,P035,1,1299,1299,272.79,1026.21,804.73,804.73,31
OI-02253,ORD-01040,P037,1,349,349,31.41,317.59,150.07,150.07,19
OI-02254,ORD-01041,P011,1,1299,1299,448.16,850.84,982.04,982.04,42
OI-02255,ORD-01041,P001,1,3499,3499,1242.15,2256.85,2904.17,2904.17,42
OI-02256,ORD-01042,P047,1,349,349,27.92,321.08,157.57,157.57,19
OI-02257,ORD-01042,P021,1,999,999,219.78,779.22,479.52,479.52,24
OI-02258,ORD-01043,P060,1,649,649,51.92,597.08,362.79,362.79,16
OI-02259,ORD-01043,P027,1,849,849,178.29,670.71,525.96,525.96,31
OI-02260,ORD-01044,P060,1,649,649,61.66,587.34,362.79,362.79,16
OI-02261,ORD-01044,P006,1,3499,3499,1207.16,2291.84,2582.26,2582.26,42
OI-02262,ORD-01044,P033,1,2299,2299,609.24,1689.76,1356.41,1356.41,31
OI-02263,ORD-01045,P051,1,449,449,22.45,426.55,245.15,245.15,16
OI-02264,ORD-01045,P041,1,899,899,80.91,818.09,386.57,386.57,19
OI-02265,ORD-01046,P022,1,699,699,139.8,559.2,343.91,343.91,24
OI-02266,ORD-01046,P037,1,349,349,34.9,314.1,150.07,150.07,19
OI-02267,ORD-01047,P010,2,2199,4398,1693.23,2704.77,1622.86,3245.72,84
OI-02268,ORD-01047,P040,1,1199,1199,149.88,1049.12,554.24,554.24,19
OI-02269,ORD-01048,P001,1,3499,3499,1154.67,2344.33,2904.17,2904.17,42
OI-02270,ORD-01048,P005,1,1299,1299,454.65,844.35,1109.35,1109.35,42
OI-02271,ORD-01049,P022,1,699,699,139.8,559.2,343.91,343.91,24
OI-02272,ORD-01049,P045,2,599,1198,95.84,1102.16,257.57,515.14,38
OI-02273,ORD-01050,P007,1,2199,2199,802.64,1396.36,1662.44,1662.44,42
OI-02274,ORD-01050,P006,1,3499,3499,1312.13,2186.87,2582.26,2582.26,42
OI-02275,ORD-01050,P039,2,1199,2398,275.77,2122.23,541.35,1082.7,38
OI-02276,ORD-01051,P041,1,899,899,98.89,800.11,386.57,386.57,19
OI-02277,ORD-01051,P004,1,4999,4999,1549.69,3449.31,4239.15,4239.15,42
OI-02278,ORD-01052,P023,1,999,999,169.83,829.17,503.5,503.5,24
OI-02279,ORD-01052,P020,1,1899,1899,341.82,1557.18,979.88,979.88,24
OI-02280,ORD-01053,P023,1,999,999,244.75,754.25,503.5,503.5,24
OI-02281,ORD-01053,P034,1,849,849,216.5,632.5,513.43,513.43,31
OI-02282,ORD-01054,P026,1,549,549,115.29,433.71,332.01,332.01,31
OI-02283,ORD-01054,P057,1,649,649,38.94,610.06,337.48,337.48,16
OI-02284,ORD-01055,P060,1,649,649,51.92,597.08,362.79,362.79,16
OI-02285,ORD-01055,P053,1,299,299,17.94,281.06,155.48,155.48,16
OI-02286,ORD-01056,P047,1,349,349,47.12,301.88,157.57,157.57,19
OI-02287,ORD-01056,P028,2,1299,2598,636.51,1961.49,823.89,1647.78,62
OI-02288,ORD-01056,P013,1,999,999,204.79,794.21,479.52,479.52,24
OI-02289,ORD-01057,P027,1,849,849,169.8,679.2,525.96,525.96,31
OI-02290,ORD-01057,P019,1,1399,1399,265.81,1133.19,705.1,705.1,24
OI-02291,ORD-01058,P019,2,1399,2798,587.58,2210.42,705.1,1410.2,48
OI-02292,ORD-01058,P054,1,299,299,23.92,275.08,159.37,159.37,16
OI-02293,ORD-01059,P057,1,649,649,61.66,587.34,337.48,337.48,16
OI-02294,ORD-01059,P031,1,2299,2299,563.25,1735.75,1424.23,1424.23,31
OI-02295,ORD-01060,P047,2,349,698,48.86,649.14,157.57,315.14,38
OI-02296,ORD-01060,P048,1,1199,1199,107.91,1091.09,554.24,554.24,19
OI-02297,ORD-01061,P007,1,2199,2199,747.66,1451.34,1662.44,1662.44,42
OI-02298,ORD-01061,P042,1,899,899,80.91,818.09,396.23,396.23,19
OI-02299,ORD-01062,P042,2,899,1798,170.81,1627.19,396.23,792.46,38
OI-02300,ORD-01062,P058,1,649,649,48.68,600.32,345.92,345.92,16
OI-02301,ORD-01062,P037,1,349,349,29.67,319.33,150.07,150.07,19
OI-02302,ORD-01063,P021,1,999,999,199.8,799.2,479.52,479.52,24
OI-02303,ORD-01063,P052,1,199,199,9.95,189.05,111.24,111.24,16
OI-02304,ORD-01064,P032,1,549,549,109.8,439.2,348.2,348.2,31
OI-02305,ORD-01064,P037,1,349,349,20.94,328.06,150.07,150.07,19
OI-02306,ORD-01065,P055,1,449,449,33.68,415.32,245.15,245.15,16
OI-02307,ORD-01065,P052,1,199,199,10.95,188.05,111.24,111.24,16
OI-02308,ORD-01066,P016,1,1399,1399,307.78,1091.22,721.88,721.88,24
OI-02309,ORD-01066,P057,1,649,649,32.45,616.55,337.48,337.48,16
OI-02310,ORD-01067,P016,1,1399,1399,307.78,1091.22,721.88,721.88,24
OI-02311,ORD-01067,P024,1,999,999,219.78,779.22,515.48,515.48,24
OI-02312,ORD-01068,P028,1,1299,1299,344.24,954.76,823.89,823.89,31
OI-02313,ORD-01068,P008,1,3499,3499,1172.16,2326.84,2708.23,2708.23,42
OI-02314,ORD-01068,P009,1,3499,3499,1172.16,2326.84,2519.28,2519.28,42
OI-02315,ORD-01069,P028,1,1299,1299,259.8,1039.2,823.89,823.89,31
OI-02316,ORD-01069,P032,1,549,549,126.27,422.73,348.2,348.2,31
OI-02317,ORD-01070,P043,1,1199,1199,131.89,1067.11,541.35,541.35,19
OI-02318,ORD-01070,P041,1,899,899,62.93,836.07,386.57,386.57,19
OI-02319,ORD-01071,P042,1,899,899,71.92,827.08,396.23,396.23,19
OI-02320,ORD-01071,P040,1,1199,1199,95.92,1103.08,554.24,554.24,19
OI-02321,ORD-01072,P016,1,1399,1399,251.82,1147.18,721.88,721.88,24
OI-02322,ORD-01072,P022,1,699,699,132.81,566.19,343.91,343.91,24
OI-02323,ORD-01073,P029,1,849,849,191.03,657.97,500.91,500.91,31
OI-02324,ORD-01073,P029,1,849,849,191.03,657.97,500.91,500.91,31
OI-02325,ORD-01074,P032,1,549,549,126.27,422.73,348.2,348.2,31
OI-02326,ORD-01074,P039,1,1199,1199,131.89,1067.11,541.35,541.35,19
OI-02327,ORD-01074,P005,1,1299,1299,428.67,870.33,1109.35,1109.35,42
OI-02328,ORD-01075,P040,1,1199,1199,83.93,1115.07,554.24,554.24,19
OI-02329,ORD-01075,P054,1,299,299,17.94,281.06,159.37,159.37,16
OI-02330,ORD-01076,P014,1,1899,1899,389.29,1509.71,934.31,934.31,24
OI-02331,ORD-01076,P038,1,599,599,56.91,542.09,264.01,264.01,19
OI-02332,ORD-01077,P004,1,4999,4999,1599.68,3399.32,4239.15,4239.15,42
OI-02333,ORD-01077,P040,2,1199,2398,191.84,2206.16,554.24,1108.48,38
OI-02334,ORD-01078,P035,1,1299,1299,311.76,987.24,804.73,804.73,31
OI-02335,ORD-01078,P030,1,849,849,212.25,636.75,513.43,513.43,31
OI-02336,ORD-01079,P026,1,549,549,123.53,425.47,332.01,332.01,31
OI-02337,ORD-01079,P025,2,2299,4598,1034.55,3563.45,1356.41,2712.82,62
OI-02338,ORD-01080,P014,2,1899,3798,759.6,3038.4,934.31,1868.62,48
OI-02339,ORD-01080,P011,1,1299,1299,467.64,831.36,982.04,982.04,42
OI-02340,ORD-01080,P017,1,1899,1899,322.83,1576.17,911.52,911.52,24
OI-02341,ORD-01081,P005,1,1299,1299,428.67,870.33,1109.35,1109.35,42
OI-02342,ORD-01081,P028,1,1299,1299,285.78,1013.22,823.89,823.89,31
OI-02343,ORD-01082,P019,1,1399,1399,286.79,1112.21,705.1,705.1,24
OI-02344,ORD-01082,P005,1,1299,1299,461.15,837.85,1109.35,1109.35,42
OI-02345,ORD-01083,P009,1,3499,3499,1119.68,2379.32,2519.28,2519.28,42
OI-02346,ORD-01083,P057,1,649,649,38.94,610.06,337.48,337.48,16
OI-02347,ORD-01084,P022,1,699,699,153.78,545.22,343.91,343.91,24
OI-02348,ORD-01084,P006,1,3499,3499,1224.65,2274.35,2582.26,2582.26,42
OI-02349,ORD-01085,P001,1,3499,3499,1347.12,2151.88,2904.17,2904.17,42
OI-02350,ORD-01085,P034,2,849,1698,432.99,1265.01,513.43,1026.86,62
OI-02351,ORD-01086,P017,1,1899,1899,360.81,1538.19,911.52,911.52,24
OI-02352,ORD-01086,P029,2,849,1698,373.56,1324.44,500.91,1001.82,62
OI-02353,ORD-01086,P010,1,2199,2199,747.66,1451.34,1622.86,1622.86,42
OI-02354,ORD-01087,P026,2,549,1098,263.52,834.48,332.01,664.02,62
OI-02355,ORD-01087,P005,2,1299,2598,831.36,1766.64,1109.35,2218.7,84
OI-02356,ORD-01088,P028,1,1299,1299,292.28,1006.72,823.89,823.89,31
OI-02357,ORD-01088,P001,1,3499,3499,1207.16,2291.84,2904.17,2904.17,42
OI-02358,ORD-01089,P020,1,1899,1899,341.82,1557.18,979.88,979.88,24
OI-02359,ORD-01089,P007,1,2199,2199,703.68,1495.32,1662.44,1662.44,42
OI-02360,ORD-01090,P006,1,3499,3499,1224.65,2274.35,2582.26,2582.26,42
OI-02361,ORD-01090,P022,1,699,699,153.78,545.22,343.91,343.91,24
OI-02362,ORD-01091,P019,1,1399,1399,328.76,1070.24,705.1,705.1,24
OI-02363,ORD-01091,P032,2,549,1098,301.95,796.05,348.2,696.4,62
OI-02364,ORD-01092,P009,1,3499,3499,1259.64,2239.36,2519.28,2519.28,42
OI-02365,ORD-01092,P005,1,1299,1299,428.67,870.33,1109.35,1109.35,42
OI-02366,ORD-01092,P037,1,349,349,24.43,324.57,150.07,150.07,19
OI-02367,ORD-01093,P003,1,4999,4999,1599.68,3399.32,4209.16,4209.16,42
OI-02368,ORD-01093,P015,1,1399,1399,251.82,1147.18,705.1,705.1,24
OI-02369,ORD-01094,P021,1,999,999,194.81,804.19,479.52,479.52,24
OI-02370,ORD-01094,P050,1,649,649,61.66,587.34,345.92,345.92,16
OI-02371,ORD-01095,P020,1,1899,1899,379.8,1519.2,979.88,979.88,24
OI-02372,ORD-01095,P035,2,1299,2598,571.56,2026.44,804.73,1609.46,62
OI-02373,ORD-01096,P002,1,2199,2199,747.66,1451.34,1838.36,1838.36,42
OI-02374,ORD-01096,P007,1,2199,2199,703.68,1495.32,1662.44,1662.44,42
OI-02375,ORD-01097,P038,1,599,599,62.9,536.1,264.01,264.01,19
OI-02376,ORD-01097,P015,1,1399,1399,342.75,1056.25,705.1,705.1,24
OI-02377,ORD-01098,P052,1,199,199,7.96,191.04,111.24,111.24,16
OI-02378,ORD-01098,P005,1,1299,1299,415.68,883.32,1109.35,1109.35,42
OI-02379,ORD-01098,P028,1,1299,1299,272.79,1026.21,823.89,823.89,31
OI-02380,ORD-01099,P044,2,1199,2398,143.88,2254.12,554.24,1108.48,38
OI-02381,ORD-01099,P034,1,849,849,203.76,645.24,513.43,513.43,31
OI-02382,ORD-01100,P008,1,3499,3499,1347.12,2151.88,2708.23,2708.23,42
OI-02383,ORD-01100,P049,1,649,649,61.66,587.34,337.48,337.48,16
OI-02384,ORD-01101,P043,1,1199,1199,83.93,1115.07,541.35,541.35,19
OI-02385,ORD-01101,P026,1,549,549,126.27,422.73,332.01,332.01,31
OI-02386,ORD-01102,P036,1,1299,1299,298.77,1000.23,823.89,823.89,31
OI-02387,ORD-01102,P019,1,1399,1399,237.83,1161.17,705.1,705.1,24
OI-02388,ORD-01103,P025,1,2299,2299,609.24,1689.76,1356.41,1356.41,31
OI-02389,ORD-01103,P042,1,899,899,76.42,822.58,396.23,396.23,19
OI-02390,ORD-01104,P031,1,2299,2299,528.77,1770.23,1424.23,1424.23,31
OI-02391,ORD-01104,P040,1,1199,1199,83.93,1115.07,554.24,554.24,19
OI-02392,ORD-01104,P048,1,1199,1199,131.89,1067.11,554.24,554.24,19
OI-02393,ORD-01105,P057,1,649,649,19.47,629.53,337.48,337.48,16
OI-02394,ORD-01105,P013,1,999,999,209.79,789.21,479.52,479.52,24
OI-02395,ORD-01106,P003,1,4999,4999,1924.62,3074.38,4209.16,4209.16,42
OI-02396,ORD-01106,P028,1,1299,1299,292.28,1006.72,823.89,823.89,31
OI-02397,ORD-01107,P025,2,2299,4598,1149.5,3448.5,1356.41,2712.82,62
OI-02398,ORD-01107,P001,1,3499,3499,1084.69,2414.31,2904.17,2904.17,42
OI-02399,ORD-01108,P032,2,549,1098,219.6,878.4,348.2,696.4,62
OI-02400,ORD-01108,P031,2,2299,4598,1011.56,3586.44,1424.23,2848.46,62
OI-02401,ORD-01109,P023,1,999,999,214.78,784.22,503.5,503.5,24
OI-02402,ORD-01109,P019,1,1399,1399,314.78,1084.22,705.1,705.1,24
OI-02403,ORD-01110,P014,1,1899,1899,360.81,1538.19,934.31,934.31,24
OI-02404,ORD-01110,P007,1,2199,2199,681.69,1517.31,1662.44,1662.44,42
OI-02405,ORD-01110,P049,1,649,649,45.43,603.57,337.48,337.48,16
OI-02406,ORD-01111,P010,1,2199,2199,681.69,1517.31,1622.86,1622.86,42
OI-02407,ORD-01111,P029,1,849,849,178.29,670.71,500.91,500.91,31
OI-02408,ORD-01112,P043,1,1199,1199,107.91,1091.09,541.35,541.35,19
OI-02409,ORD-01112,P010,2,2199,4398,1539.3,2858.7,1622.86,3245.72,84
OI-02410,ORD-01113,P003,2,4999,9998,3299.34,6698.66,4209.16,8418.32,84
OI-02411,ORD-01113,P038,1,599,599,65.89,533.11,264.01,264.01,19
OI-02412,ORD-01114,P047,2,349,698,59.33,638.67,157.57,315.14,38
OI-02413,ORD-01114,P005,1,1299,1299,448.16,850.84,1109.35,1109.35,42
OI-02414,ORD-01115,P001,1,3499,3499,1154.67,2344.33,2904.17,2904.17,42
OI-02415,ORD-01115,P008,1,3499,3499,1119.68,2379.32,2708.23,2708.23,42
OI-02416,ORD-01116,P031,2,2299,4598,965.58,3632.42,1424.23,2848.46,62
OI-02417,ORD-01116,P005,1,1299,1299,402.69,896.31,1109.35,1109.35,42
OI-02418,ORD-01116,P059,1,449,449,13.47,435.53,245.15,245.15,16
OI-02419,ORD-01117,P045,1,599,599,50.92,548.08,257.57,257.57,19
OI-02420,ORD-01117,P020,2,1899,3798,854.55,2943.45,979.88,1959.76,48
OI-02421,ORD-01118,P018,1,1899,1899,379.8,1519.2,934.31,934.31,24
OI-02422,ORD-01118,P008,1,3499,3499,1154.67,2344.33,2708.23,2708.23,42
OI-02423,ORD-01119,P053,1,299,299,23.92,275.08,155.48,155.48,16
OI-02424,ORD-01119,P003,1,4999,4999,1799.64,3199.36,4209.16,4209.16,42
OI-02425,ORD-01120,P011,1,1299,1299,435.17,863.83,982.04,982.04,42
OI-02426,ORD-01120,P004,1,4999,4999,1824.64,3174.36,4239.15,4239.15,42
OI-02427,ORD-01121,P024,2,999,1998,359.64,1638.36,515.48,1030.96,48
OI-02428,ORD-01121,P060,1,649,649,32.45,616.55,362.79,362.79,16
OI-02429,ORD-01122,P052,1,199,199,5.97,193.03,111.24,111.24,16
OI-02430,ORD-01122,P037,2,349,698,69.8,628.2,150.07,300.14,38
OI-02431,ORD-01122,P014,1,1899,1899,341.82,1557.18,934.31,934.31,24
OI-02432,ORD-01123,P024,1,999,999,244.75,754.25,515.48,515.48,24
OI-02433,ORD-01123,P056,1,449,449,24.7,424.3,250.99,250.99,16
OI-02434,ORD-01124,P008,1,3499,3499,1084.69,2414.31,2708.23,2708.23,42
OI-02435,ORD-01124,P051,1,449,449,26.94,422.06,245.15,245.15,16
OI-02436,ORD-01125,P006,1,3499,3499,1084.69,2414.31,2582.26,2582.26,42
OI-02437,ORD-01125,P010,1,2199,2199,681.69,1517.31,1622.86,1622.86,42
OI-02438,ORD-01126,P001,1,3499,3499,1242.15,2256.85,2904.17,2904.17,42
OI-02439,ORD-01126,P018,1,1899,1899,427.28,1471.72,934.31,934.31,24
OI-02440,ORD-01127,P012,1,1299,1299,467.64,831.36,1005.43,1005.43,42
OI-02441,ORD-01127,P021,1,999,999,209.79,789.21,479.52,479.52,24
OI-02442,ORD-01128,P009,1,3499,3499,1154.67,2344.33,2519.28,2519.28,42
OI-02443,ORD-01128,P033,1,2299,2299,551.76,1747.24,1356.41,1356.41,31
OI-02444,ORD-01128,P001,1,3499,3499,1119.68,2379.32,2904.17,2904.17,42
OI-02445,ORD-01129,P012,1,1299,1299,487.13,811.87,1005.43,1005.43,42
OI-02446,ORD-01129,P026,1,549,549,134.5,414.5,332.01,332.01,31
OI-02447,ORD-01130,P027,1,849,849,178.29,670.71,525.96,525.96,31
OI-02448,ORD-01130,P019,1,1399,1399,279.8,1119.2,705.1,705.1,24
OI-02449,ORD-01131,P010,1,2199,2199,703.68,1495.32,1622.86,1622.86,42
OI-02450,ORD-01131,P031,1,2299,2299,459.8,1839.2,1424.23,1424.23,31
OI-02451,ORD-01132,P004,1,4999,4999,1824.64,3174.36,4239.15,4239.15,42
OI-02452,ORD-01132,P036,1,1299,1299,318.25,980.75,823.89,823.89,31
OI-02453,ORD-01133,P042,2,899,1798,107.88,1690.12,396.23,792.46,38
OI-02454,ORD-01133,P033,1,2299,2299,574.75,1724.25,1356.41,1356.41,31
OI-02455,ORD-01134,P003,1,4999,4999,1699.66,3299.34,4209.16,4209.16,42
OI-02456,ORD-01134,P023,1,999,999,189.81,809.19,503.5,503.5,24
OI-02457,ORD-01134,P005,1,1299,1299,402.69,896.31,1109.35,1109.35,42
OI-02458,ORD-01135,P044,1,1199,1199,161.87,1037.13,554.24,554.24,19
OI-02459,ORD-01135,P038,1,599,599,62.9,536.1,264.01,264.01,19
OI-02460,ORD-01136,P022,1,699,699,125.82,573.18,343.91,343.91,24
OI-02461,ORD-01136,P050,1,649,649,25.96,623.04,345.92,345.92,16
OI-02462,ORD-01137,P040,1,1199,1199,83.93,1115.07,554.24,554.24,19
OI-02463,ORD-01137,P035,1,1299,1299,272.79,1026.21,804.73,804.73,31
OI-02464,ORD-01138,P034,1,849,849,208,641,513.43,513.43,31
OI-02465,ORD-01138,P005,1,1299,1299,448.16,850.84,1109.35,1109.35,42
OI-02466,ORD-01139,P004,1,4999,4999,1699.66,3299.34,4239.15,4239.15,42
OI-02467,ORD-01139,P057,1,649,649,45.43,603.57,337.48,337.48,16
OI-02468,ORD-01140,P002,1,2199,2199,681.69,1517.31,1838.36,1838.36,42
OI-02469,ORD-01140,P005,1,1299,1299,441.66,857.34,1109.35,1109.35,42
OI-02470,ORD-01140,P022,1,699,699,125.82,573.18,343.91,343.91,24
OI-02471,ORD-01141,P008,1,3499,3499,1312.13,2186.87,2708.23,2708.23,42
OI-02472,ORD-01141,P035,1,1299,1299,357.23,941.77,804.73,804.73,31
OI-02473,ORD-01142,P024,2,999,1998,399.6,1598.4,515.48,1030.96,48
OI-02474,ORD-01142,P001,1,3499,3499,1084.69,2414.31,2904.17,2904.17,42
OI-02475,ORD-01143,P016,1,1399,1399,279.8,1119.2,721.88,721.88,24
OI-02476,ORD-01143,P015,1,1399,1399,293.79,1105.21,705.1,705.1,24
OI-02477,ORD-01144,P049,1,649,649,68.15,580.85,337.48,337.48,16
OI-02478,ORD-01144,P016,1,1399,1399,342.75,1056.25,721.88,721.88,24
OI-02479,ORD-01145,P028,1,1299,1299,311.76,987.24,823.89,823.89,31
OI-02480,ORD-01145,P043,1,1199,1199,119.9,1079.1,541.35,541.35,19
OI-02481,ORD-01146,P041,1,899,899,89.9,809.1,386.57,386.57,19
OI-02482,ORD-01146,P036,1,1299,1299,298.77,1000.23,823.89,823.89,31
OI-02483,ORD-01146,P032,2,549,1098,219.6,878.4,348.2,696.4,62
OI-02484,ORD-01147,P034,1,849,849,233.48,615.52,513.43,513.43,31
OI-02485,ORD-01147,P010,1,2199,2199,802.64,1396.36,1622.86,1622.86,42
OI-02486,ORD-01148,P009,1,3499,3499,1189.66,2309.34,2519.28,2519.28,42
OI-02487,ORD-01148,P037,1,349,349,20.94,328.06,150.07,150.07,19
OI-02488,ORD-01149,P003,1,4999,4999,1799.64,3199.36,4209.16,4209.16,42
OI-02489,ORD-01149,P025,1,2299,2299,574.75,1724.25,1356.41,1356.41,31
OI-02490,ORD-01150,P011,1,1299,1299,435.17,863.83,982.04,982.04,42
OI-02491,ORD-01150,P008,1,3499,3499,1312.13,2186.87,2708.23,2708.23,42
OI-02492,ORD-01151,P043,1,1199,1199,83.93,1115.07,541.35,541.35,19
OI-02493,ORD-01151,P008,1,3499,3499,1224.65,2274.35,2708.23,2708.23,42
OI-02494,ORD-01152,P036,2,1299,2598,623.52,1974.48,823.89,1647.78,62
OI-02495,ORD-01152,P027,2,849,1698,339.6,1358.4,525.96,1051.92,62
OI-02496,ORD-01152,P010,1,2199,2199,769.65,1429.35,1622.86,1622.86,42
OI-02497,ORD-01153,P060,1,649,649,32.45,616.55,362.79,362.79,16
OI-02498,ORD-01153,P004,1,4999,4999,1699.66,3299.34,4239.15,4239.15,42
OI-02499,ORD-01154,P053,1,299,299,8.97,290.03,155.48,155.48,16
OI-02500,ORD-01154,P024,2,999,1998,419.58,1578.42,515.48,1030.96,48
OI-02501,ORD-01155,P037,1,349,349,36.65,312.35,150.07,150.07,19
OI-02502,ORD-01155,P026,1,549,549,145.49,403.51,332.01,332.01,31
OI-02503,ORD-01156,P006,1,3499,3499,1084.69,2414.31,2582.26,2582.26,42
OI-02504,ORD-01156,P010,1,2199,2199,725.67,1473.33,1622.86,1622.86,42
OI-02505,ORD-01157,P008,1,3499,3499,1084.69,2414.31,2708.23,2708.23,42
OI-02506,ORD-01157,P030,2,849,1698,373.56,1324.44,513.43,1026.86,62
OI-02507,ORD-01158,P055,1,449,449,47.15,401.85,245.15,245.15,16
OI-02508,ORD-01158,P037,1,349,349,40.14,308.86,150.07,150.07,19
OI-02509,ORD-01158,P010,1,2199,2199,780.65,1418.35,1622.86,1622.86,42
OI-02510,ORD-01159,P005,1,1299,1299,428.67,870.33,1109.35,1109.35,42
OI-02511,ORD-01159,P039,1,1199,1199,119.9,1079.1,541.35,541.35,19
OI-02512,ORD-01160,P049,1,649,649,51.92,597.08,337.48,337.48,16
OI-02513,ORD-01160,P040,1,1199,1199,119.9,1079.1,554.24,554.24,19
OI-02514,ORD-01161,P005,1,1299,1299,461.15,837.85,1109.35,1109.35,42
OI-02515,ORD-01161,P024,1,999,999,214.78,784.22,515.48,515.48,24
OI-02516,ORD-01162,P029,1,849,849,195.27,653.73,500.91,500.91,31
OI-02517,ORD-01162,P032,1,549,549,126.27,422.73,348.2,348.2,31
OI-02518,ORD-01163,P007,1,2199,2199,747.66,1451.34,1662.44,1662.44,42
OI-02519,ORD-01163,P041,1,899,899,80.91,818.09,386.57,386.57,19
OI-02520,ORD-01164,P009,1,3499,3499,1242.15,2256.85,2519.28,2519.28,42
OI-02521,ORD-01164,P036,1,1299,1299,357.23,941.77,823.89,823.89,31
OI-02522,ORD-01164,P047,1,349,349,33.16,315.84,157.57,157.57,19
OI-02523,ORD-01165,P017,1,1899,1899,379.8,1519.2,911.52,911.52,24
OI-02524,ORD-01165,P006,1,3499,3499,1189.66,2309.34,2582.26,2582.26,42
OI-02525,ORD-01166,P031,1,2299,2299,459.8,1839.2,1424.23,1424.23,31
OI-02526,ORD-01166,P044,1,1199,1199,131.89,1067.11,554.24,554.24,19
OI-02527,ORD-01167,P052,2,199,398,25.87,372.13,111.24,222.48,32
OI-02528,ORD-01167,P009,2,3499,6998,2344.33,4653.67,2519.28,5038.56,84
OI-02529,ORD-01168,P021,1,999,999,189.81,809.19,479.52,479.52,24
OI-02530,ORD-01168,P004,1,4999,4999,1699.66,3299.34,4239.15,4239.15,42
OI-02531,ORD-01169,P020,1,1899,1899,322.83,1576.17,979.88,979.88,24
OI-02532,ORD-01169,P004,1,4999,4999,1549.69,3449.31,4239.15,4239.15,42
OI-02533,ORD-01170,P019,1,1399,1399,272.81,1126.19,705.1,705.1,24
OI-02534,ORD-01170,P053,1,299,299,16.45,282.55,155.48,155.48,16
OI-02535,ORD-01170,P018,1,1899,1899,446.26,1452.74,934.31,934.31,24
OI-02536,ORD-01171,P003,1,4999,4999,1649.67,3349.33,4209.16,4209.16,42
OI-02537,ORD-01171,P005,1,1299,1299,467.64,831.36,1109.35,1109.35,42
OI-02538,ORD-01172,P003,1,4999,4999,1699.66,3299.34,4209.16,4209.16,42
OI-02539,ORD-01172,P028,1,1299,1299,298.77,1000.23,823.89,823.89,31
OI-02540,ORD-01173,P005,1,1299,1299,500.12,798.88,1109.35,1109.35,42
OI-02541,ORD-01173,P045,1,599,599,74.88,524.12,257.57,257.57,19
OI-02542,ORD-01174,P058,1,649,649,38.94,610.06,345.92,345.92,16
OI-02543,ORD-01174,P019,1,1399,1399,265.81,1133.19,705.1,705.1,24
OI-02544,ORD-01175,P003,1,4999,4999,1699.66,3299.34,4209.16,4209.16,42
OI-02545,ORD-01175,P001,1,3499,3499,1189.66,2309.34,2904.17,2904.17,42
OI-02546,ORD-01176,P009,1,3499,3499,1347.12,2151.88,2519.28,2519.28,42
OI-02547,ORD-01176,P037,1,349,349,36.65,312.35,150.07,150.07,19
OI-02548,ORD-01176,P019,1,1399,1399,286.79,1112.21,705.1,705.1,24
OI-02549,ORD-01177,P060,1,649,649,38.94,610.06,362.79,362.79,16
OI-02550,ORD-01177,P052,2,199,398,15.92,382.08,111.24,222.48,32
OI-02551,ORD-01178,P016,1,1399,1399,307.78,1091.22,721.88,721.88,24
OI-02552,ORD-01178,P025,1,2299,2299,505.78,1793.22,1356.41,1356.41,31
OI-02553,ORD-01179,P010,1,2199,2199,824.63,1374.37,1622.86,1622.86,42
OI-02554,ORD-01179,P026,1,549,549,145.49,403.51,332.01,332.01,31
OI-02555,ORD-01180,P032,1,549,549,115.29,433.71,348.2,348.2,31
OI-02556,ORD-01180,P056,1,449,449,13.47,435.53,250.99,250.99,16
OI-02557,ORD-01181,P058,1,649,649,38.94,610.06,345.92,345.92,16
OI-02558,ORD-01181,P059,1,449,449,31.43,417.57,245.15,245.15,16
OI-02559,ORD-01182,P039,1,1199,1199,161.87,1037.13,541.35,541.35,19
OI-02560,ORD-01182,P021,1,999,999,224.78,774.22,479.52,479.52,24
OI-02561,ORD-01182,P051,2,449,898,67.35,830.65,245.15,490.3,32
OI-02562,ORD-01183,P053,1,299,299,8.97,290.03,155.48,155.48,16
OI-02563,ORD-01183,P059,1,449,449,22.45,426.55,245.15,245.15,16
OI-02564,ORD-01184,P032,1,549,549,131.76,417.24,348.2,348.2,31
OI-02565,ORD-01184,P008,1,3499,3499,1259.64,2239.36,2708.23,2708.23,42
OI-02566,ORD-01185,P007,2,2199,4398,1649.25,2748.75,1662.44,3324.88,84
OI-02567,ORD-01185,P045,1,599,599,80.87,518.13,257.57,257.57,19
OI-02568,ORD-01186,P031,1,2299,2299,551.76,1747.24,1424.23,1424.23,31
OI-02569,ORD-01186,P035,2,1299,2598,545.58,2052.42,804.73,1609.46,62
OI-02570,ORD-01187,P006,1,3499,3499,1259.64,2239.36,2582.26,2582.26,42
OI-02571,ORD-01187,P033,1,2299,2299,574.75,1724.25,1356.41,1356.41,31
OI-02572,ORD-01188,P006,1,3499,3499,1347.12,2151.88,2582.26,2582.26,42
OI-02573,ORD-01188,P031,1,2299,2299,563.25,1735.75,1424.23,1424.23,31
OI-02574,ORD-01188,P006,1,3499,3499,1277.14,2221.86,2582.26,2582.26,42
OI-02575,ORD-01189,P024,1,999,999,209.79,789.21,515.48,515.48,24
OI-02576,ORD-01189,P007,1,2199,2199,747.66,1451.34,1662.44,1662.44,42
OI-02577,ORD-01190,P026,1,549,549,126.27,422.73,332.01,332.01,31
OI-02578,ORD-01190,P001,2,3499,6998,2169.38,4828.62,2904.17,5808.34,84
OI-02579,ORD-01191,P040,2,1199,2398,323.73,2074.27,554.24,1108.48,38
OI-02580,ORD-01191,P020,2,1899,3798,778.59,3019.41,979.88,1959.76,48
OI-02581,ORD-01192,P047,1,349,349,31.41,317.59,157.57,157.57,19
OI-02582,ORD-01192,P015,1,1399,1399,237.83,1161.17,705.1,705.1,24
OI-02583,ORD-01193,P058,2,649,1298,51.92,1246.08,345.92,691.84,32
OI-02584,ORD-01193,P022,1,699,699,132.81,566.19,343.91,343.91,24
OI-02585,ORD-01194,P024,1,999,999,244.75,754.25,515.48,515.48,24
OI-02586,ORD-01194,P032,2,549,1098,269.01,828.99,348.2,696.4,62
OI-02587,ORD-01194,P039,1,1199,1199,125.9,1073.1,541.35,541.35,19
OI-02588,ORD-01195,P005,1,1299,1299,402.69,896.31,1109.35,1109.35,42
OI-02589,ORD-01195,P018,1,1899,1899,417.78,1481.22,934.31,934.31,24
OI-02590,ORD-01196,P006,2,3499,6998,2554.27,4443.73,2582.26,5164.52,84
OI-02591,ORD-01196,P020,2,1899,3798,892.53,2905.47,979.88,1959.76,48
OI-02592,ORD-01197,P055,24,449,10776,323.28,10452.72,245.15,5883.6,384
OI-02593,ORD-01197,P014,1,1899,1899,322.83,1576.17,934.31,934.31,24
OI-02594,ORD-01198,P047,1,349,349,31.41,317.59,157.57,157.57,19
OI-02595,ORD-01198,P036,2,1299,2598,519.6,2078.4,823.89,1647.78,62
OI-02596,ORD-01199,P006,1,3499,3499,1347.12,2151.88,2582.26,2582.26,42
OI-02597,ORD-01199,P055,1,449,449,33.68,415.32,245.15,245.15,16
OI-02598,ORD-01200,P020,1,1899,1899,322.83,1576.17,979.88,979.88,24
OI-02599,ORD-01200,P021,1,999,999,219.78,779.22,479.52,479.52,24
OI-02600,ORD-01200,P055,1,449,449,35.92,413.08,245.15,245.15,16
